season,njcaa_division,team,team_id,G,PA,AB,R,H,2B,3B,HR,RBI,SB,CS,BB,K,TB,HBP,SH,SF,XBH,HDP,GO,FO,GO/FO,BA,OBP,SLG,OPS,OPS+,BAbip,RS%,HR%,K%,BB%,K-BB%,BB/K
2023,div1,Abraham Baldwin,abrahambaldwinagriculturalcollege,369,1092.0,825.0,298.0,298.0,72.0,4.0,32.0,262.0,47.0,12.0,151.0,141.0,474.0,92.0,3.0,21.0,108.0,0.0,5.0,17.0,0.294,0.361,0.495,0.705,1.2,104.0,0.395,0.523,0.029,0.129,0.138,-0.009,1.071
2023,div1,Allen County,allencountycommunitycollege,376,1035.0,732.0,202.0,192.0,42.0,5.0,14.0,171.0,71.0,14.0,165.0,184.0,286.0,89.0,25.0,24.0,61.0,2.0,5.0,5.0,1.0,0.262,0.431,0.474,0.905,79.0,0.319,0.435,0.014,0.178,0.159,0.019,0.897
2023,div1,Alvin,alvincommunitycollege,401,1246.0,1018.0,235.0,322.0,61.0,14.0,24.0,214.0,61.0,1.0,160.0,261.0,483.0,32.0,24.0,12.0,99.0,13.0,30.0,19.0,1.579,0.316,0.413,0.572,0.985,86.0,0.4,0.431,0.019,0.209,0.128,0.081,0.613
2023,div1,Andrew,andrewcollege,376,1059.0,840.0,284.0,311.0,63.0,3.0,36.0,257.0,36.0,3.0,182.0,169.0,488.0,25.0,6.0,6.0,102.0,4.0,5.0,7.0,0.714,0.37,0.489,0.702,1.191,104.0,0.429,0.515,0.034,0.16,0.172,-0.012,1.077
2023,div1,Angelina,angelinacollege,275,35.0,35.0,7.0,14.0,0.0,7.0,0.0,14.0,0.0,0.0,0.0,14.0,28.0,0.0,0.0,0.0,7.0,0.0,0.0,0.0,,0.4,0.4,1.0,1.4,122.0,0.667,0.5,0.0,0.4,0.0,0.4,0.0
2023,div1,Arizona Western,arizonawesterncollege,436,1408.0,1136.0,280.0,374.0,61.0,6.0,14.0,235.0,98.0,9.0,171.0,299.0,489.0,54.0,21.0,26.0,81.0,10.0,0.0,0.0,,0.329,0.425,0.502,0.927,81.0,0.424,0.455,0.01,0.212,0.121,0.091,0.572
2023,div1,Barton,bartoncommunitycollege,669,2005.0,1557.0,545.0,559.0,105.0,36.0,37.0,493.0,167.0,16.0,254.0,279.0,847.0,129.0,18.0,47.0,178.0,19.0,161.0,163.0,0.988,0.359,0.47,0.658,1.128,98.0,0.405,0.561,0.018,0.139,0.127,0.012,0.91
2023,div1,Baton Rouge,batonrougecommunitycollege,270,715.0,546.0,187.0,180.0,36.0,11.0,9.0,153.0,81.0,21.0,112.0,125.0,264.0,37.0,13.0,7.0,56.0,2.0,0.0,0.0,,0.33,0.46,0.588,1.048,91.0,0.408,0.556,0.013,0.175,0.157,0.018,0.896
2023,div1,Bevill State,bevillstatecommunitycollege,206,611.0,466.0,139.0,154.0,25.0,4.0,6.0,131.0,22.0,5.0,92.0,109.0,205.0,29.0,14.0,10.0,35.0,0.0,0.0,0.0,,0.33,0.45,0.515,0.965,84.0,0.41,0.494,0.01,0.178,0.151,0.027,0.844
2023,div1,Bishop State,bishopstatecommunitycollege,414,1007.0,776.0,279.0,287.0,63.0,8.0,16.0,232.0,123.0,22.0,134.0,127.0,413.0,57.0,8.0,32.0,87.0,0.0,0.0,0.0,,0.37,0.475,0.646,1.121,97.0,0.408,0.569,0.016,0.126,0.133,-0.007,1.055
2023,div1,Blinn,blinncollege,492,1605.0,1222.0,396.0,415.0,87.0,11.0,50.0,346.0,89.0,24.0,300.0,332.0,674.0,55.0,16.0,12.0,148.0,15.0,0.0,0.0,,0.34,0.48,0.673,1.153,100.0,0.428,0.481,0.031,0.207,0.187,0.02,0.904
2023,div1,Bossier Parish,bossierparishcommunitycollege,419,1151.0,898.0,286.0,309.0,64.0,5.0,25.0,251.0,55.0,10.0,184.0,151.0,458.0,42.0,3.0,24.0,94.0,0.0,0.0,0.0,,0.344,0.465,0.615,1.08,94.0,0.381,0.512,0.022,0.131,0.16,-0.029,1.219
2023,div1,Butler,butlercommunitycollegeks,478,1497.0,1167.0,362.0,356.0,81.0,4.0,54.0,315.0,48.0,11.0,226.0,282.0,607.0,77.0,12.0,15.0,139.0,13.0,171.0,188.0,0.91,0.305,0.44,0.639,1.079,94.0,0.357,0.509,0.036,0.188,0.151,0.037,0.801
2023,div1,Calhoun,calhouncommunitycollege,144,415.0,341.0,91.0,111.0,23.0,4.0,21.0,85.0,17.0,0.0,55.0,79.0,205.0,9.0,4.0,6.0,48.0,0.0,0.0,0.0,,0.326,0.422,0.742,1.164,101.0,0.364,0.455,0.051,0.19,0.133,0.057,0.696
2023,div1,Central Alabama,centralalabamacommunitycollege,355,948.0,778.0,176.0,247.0,44.0,4.0,8.0,150.0,34.0,12.0,139.0,124.0,323.0,27.0,0.0,4.0,56.0,0.0,0.0,0.0,,0.317,0.436,0.487,0.923,80.0,0.368,0.415,0.008,0.131,0.147,-0.016,1.121
2023,div1,Central Arizona,centralarizonacollege,647,1772.0,1426.0,334.0,417.0,90.0,18.0,23.0,282.0,90.0,26.0,225.0,329.0,612.0,83.0,13.0,25.0,131.0,25.0,334.0,324.0,1.031,0.292,0.409,0.521,0.93,81.0,0.359,0.443,0.013,0.186,0.127,0.059,0.684
2023,div1,Central Florida,collegeofcentralflorida,659,2050.0,1687.0,529.0,603.0,114.0,20.0,99.0,483.0,46.0,5.0,268.0,339.0,1054.0,76.0,0.0,19.0,233.0,1.0,42.0,47.0,0.894,0.357,0.462,0.763,1.225,107.0,0.397,0.507,0.048,0.165,0.131,0.034,0.791
2023,div1,Chattahoochee Valley,chattahoocheevalleycommunitycollege,221,630.0,513.0,153.0,166.0,32.0,4.0,16.0,134.0,5.0,1.0,88.0,70.0,254.0,15.0,6.0,8.0,52.0,7.0,0.0,2.0,0.0,0.324,0.427,0.596,1.023,89.0,0.345,0.542,0.025,0.111,0.14,-0.029,1.257
2023,div1,Chattanooga State,chattanoogastatecommunitycollege,475,1410.0,1077.0,405.0,393.0,81.0,6.0,13.0,331.0,69.0,6.0,246.0,176.0,525.0,56.0,10.0,21.0,100.0,5.0,44.0,34.0,1.294,0.365,0.493,0.58,1.073,93.0,0.418,0.575,0.009,0.125,0.174,-0.049,1.398
2023,div1,Chipola,chipolacollege,361,1009.0,807.0,245.0,259.0,36.0,4.0,36.0,215.0,33.0,10.0,146.0,157.0,411.0,39.0,4.0,13.0,76.0,6.0,123.0,141.0,0.872,0.321,0.44,0.603,1.043,91.0,0.356,0.512,0.036,0.156,0.145,0.011,0.93
2023,div1,Cisco,ciscocollege,508,1416.0,1113.0,411.0,436.0,98.0,17.0,41.0,369.0,60.0,14.0,224.0,213.0,691.0,57.0,1.0,21.0,156.0,0.0,0.0,0.0,,0.392,0.506,0.761,1.267,110.0,0.449,0.547,0.029,0.15,0.158,-0.008,1.052
2023,div1,Clarendon,clarendoncollege,338,1049.0,835.0,262.0,287.0,58.0,13.0,26.0,226.0,36.0,3.0,155.0,176.0,449.0,29.0,11.0,19.0,97.0,0.0,0.0,0.0,,0.344,0.449,0.654,1.103,96.0,0.4,0.53,0.025,0.168,0.148,0.02,0.881
2023,div1,Cleveland State,clevelandstatecommunitycollege,406,1105.0,887.0,256.0,313.0,58.0,4.0,41.0,262.0,55.0,12.0,151.0,171.0,502.0,44.0,5.0,18.0,103.0,10.0,148.0,169.0,0.876,0.353,0.46,0.682,1.142,99.0,0.392,0.46,0.037,0.155,0.137,0.018,0.883
2023,div1,Cloud County,cloudcountycommunitycollege,501,1325.0,1077.0,393.0,390.0,93.0,17.0,49.0,337.0,53.0,13.0,141.0,214.0,664.0,82.0,6.0,19.0,159.0,12.0,134.0,146.0,0.918,0.362,0.463,0.764,1.227,107.0,0.409,0.61,0.037,0.162,0.106,0.056,0.659
2023,div1,Coastal Alabama - Bay Minette,coastalalabamasouth,108,0.0,0.0,0.0,0.0,0.0,0.0,0.0,0.0,0.0,0.0,0.0,0.0,0.0,0.0,0.0,0.0,0.0,0.0,0.0,0.0,,,,,,,,,,,,,
2023,div1,Coastal Alabama - Brewton,coastalalabamaeast,261,584.0,462.0,125.0,139.0,29.0,3.0,10.0,115.0,30.0,9.0,68.0,89.0,204.0,32.0,13.0,9.0,42.0,1.0,0.0,0.0,,0.301,0.409,0.532,0.941,82.0,0.347,0.502,0.017,0.152,0.116,0.036,0.764
2023,div1,Coastal Alabama - Monroeville,coastalalabamanorth,359,1072.0,836.0,266.0,307.0,48.0,5.0,19.0,230.0,98.0,18.0,140.0,156.0,422.0,57.0,24.0,15.0,72.0,0.0,0.0,0.0,,0.367,0.47,0.591,1.061,92.0,0.426,0.509,0.018,0.146,0.131,0.015,0.897
2023,div1,Coastal Bend,coastalbendcollege,271,698.0,519.0,189.0,181.0,34.0,4.0,15.0,165.0,53.0,5.0,118.0,146.0,268.0,30.0,16.0,15.0,53.0,6.0,83.0,86.0,0.965,0.349,0.471,0.618,1.089,95.0,0.445,0.554,0.021,0.209,0.169,0.04,0.808
2023,div1,Cochise,cochisecollege,447,1172.0,966.0,269.0,323.0,53.0,29.0,10.0,227.0,102.0,22.0,154.0,174.0,464.0,35.0,7.0,10.0,92.0,0.0,0.0,0.0,,0.334,0.437,0.576,1.013,88.0,0.395,0.516,0.009,0.148,0.131,0.017,0.885
2023,div1,Coffeyville,coffeyvillecommunitycollege,358,1036.0,807.0,279.0,301.0,64.0,12.0,14.0,248.0,103.0,8.0,139.0,158.0,431.0,45.0,33.0,12.0,90.0,3.0,34.0,27.0,1.259,0.373,0.468,0.646,1.114,97.0,0.444,0.563,0.014,0.153,0.134,0.019,0.88
2023,div1,Colby,colbycommunitycollege,172,482.0,396.0,114.0,135.0,22.0,2.0,22.0,109.0,16.0,4.0,63.0,96.0,227.0,20.0,1.0,2.0,46.0,4.0,24.0,24.0,1.0,0.341,0.452,0.689,1.141,99.0,0.404,0.469,0.046,0.199,0.131,0.068,0.656
2023,div1,Colorado Northwestern,coloradonorthwesterncommunitycollege,182,520.0,422.0,105.0,123.0,26.0,4.0,10.0,93.0,31.0,10.0,56.0,85.0,187.0,33.0,6.0,3.0,40.0,2.0,72.0,49.0,1.469,0.291,0.408,0.538,0.946,82.0,0.342,0.47,0.019,0.163,0.108,0.055,0.659
2023,div1,Columbia State,columbiastatecommunitycollege,342,804.0,665.0,203.0,224.0,51.0,7.0,27.0,173.0,93.0,11.0,89.0,155.0,370.0,37.0,7.0,6.0,85.0,5.0,44.0,84.0,0.524,0.337,0.435,0.684,1.119,97.0,0.403,0.545,0.034,0.193,0.111,0.082,0.574
2023,div1,Connors State,connorsstatecollege,449,933.0,759.0,293.0,310.0,68.0,9.0,52.0,296.0,11.0,1.0,125.0,102.0,552.0,37.0,1.0,11.0,129.0,6.0,0.0,0.0,,0.408,0.506,0.897,1.403,122.0,0.419,0.574,0.056,0.109,0.134,-0.025,1.225
2023,div1,Cowley,cowleycountycommunitycollege,784,2996.0,2492.0,728.0,980.0,224.0,28.0,140.0,812.0,168.0,0.0,420.0,784.0,1680.0,84.0,0.0,0.0,392.0,28.0,0.0,0.0,,0.393,0.495,0.831,1.326,115.0,0.536,0.438,0.047,0.262,0.14,0.122,0.536
2023,div1,Crowder,crowdercollege,586,1818.0,1435.0,501.0,506.0,103.0,10.0,76.0,452.0,62.0,15.0,297.0,389.0,857.0,64.0,5.0,17.0,189.0,0.0,0.0,0.0,,0.353,0.477,0.729,1.206,105.0,0.436,0.537,0.042,0.214,0.163,0.051,0.763
2023,div1,Daytona State,daytonastatecollege,277,765.0,612.0,182.0,215.0,38.0,6.0,13.0,149.0,18.0,4.0,110.0,138.0,304.0,27.0,4.0,12.0,57.0,2.0,73.0,92.0,0.793,0.351,0.46,0.59,1.05,91.0,0.427,0.499,0.017,0.18,0.144,0.036,0.797
2023,div1,Delgado,delgadocommunitycollege,565,1529.0,1181.0,392.0,413.0,84.0,9.0,43.0,352.0,50.0,14.0,253.0,234.0,644.0,61.0,11.0,23.0,136.0,9.0,256.0,279.0,0.918,0.35,0.475,0.66,1.135,99.0,0.399,0.51,0.028,0.153,0.165,-0.012,1.081
2023,div1,Dodge City,dodgecitycommunitycollege,380,1076.0,871.0,267.0,281.0,59.0,10.0,30.0,225.0,45.0,5.0,145.0,190.0,450.0,39.0,11.0,10.0,99.0,6.0,25.0,29.0,0.862,0.323,0.432,0.63,1.062,92.0,0.38,0.545,0.028,0.177,0.135,0.042,0.763
2023,div1,Dyersburg State,dyersburgstatecommunitycollege,453,1126.0,890.0,243.0,277.0,68.0,7.0,37.0,221.0,41.0,8.0,154.0,222.0,470.0,52.0,11.0,19.0,112.0,5.0,25.0,24.0,1.042,0.311,0.429,0.654,1.083,94.0,0.369,0.462,0.033,0.197,0.137,0.06,0.694
2023,div1,East Georgia State,eastgeorgiacollege,341,878.0,703.0,205.0,253.0,46.0,8.0,17.0,187.0,45.0,7.0,107.0,128.0,366.0,48.0,6.0,14.0,71.0,18.0,63.0,50.0,1.26,0.36,0.465,0.622,1.087,95.0,0.413,0.481,0.019,0.146,0.122,0.024,0.836
2023,div1,Eastern Arizona,easternarizonacollege,347,1028.0,835.0,250.0,280.0,67.0,14.0,10.0,203.0,47.0,4.0,122.0,155.0,405.0,34.0,22.0,15.0,91.0,0.0,0.0,0.0,,0.335,0.424,0.594,1.018,89.0,0.394,0.563,0.01,0.151,0.119,0.032,0.787
2023,div1,Eastern Florida State,easternfloridastatecollege,305,947.0,732.0,206.0,270.0,39.0,7.0,15.0,182.0,76.0,11.0,130.0,133.0,368.0,46.0,21.0,18.0,61.0,0.0,7.0,8.0,0.875,0.369,0.471,0.586,1.057,92.0,0.424,0.443,0.016,0.14,0.137,0.003,0.977
2023,div1,Eastern Oklahoma State,easternoklahomastatecollege,363,1143.0,875.0,273.0,280.0,56.0,3.0,35.0,227.0,128.0,21.0,170.0,211.0,447.0,69.0,14.0,15.0,94.0,0.0,0.0,0.0,,0.32,0.454,0.618,1.072,93.0,0.38,0.492,0.031,0.185,0.149,0.036,0.806
2023,div1,El Paso,elpasocommunitycollege,344,1034.0,862.0,241.0,307.0,75.0,17.0,21.0,210.0,48.0,9.0,113.0,186.0,479.0,39.0,10.0,10.0,113.0,11.0,0.0,3.0,0.0,0.356,0.444,0.687,1.131,98.0,0.43,0.502,0.02,0.18,0.109,0.071,0.608
2023,div1,Enterprise State,enterprisestatecommunitycollege,250,762.0,612.0,179.0,196.0,36.0,8.0,6.0,148.0,45.0,10.0,117.0,102.0,266.0,19.0,6.0,8.0,50.0,0.0,0.0,0.0,,0.32,0.436,0.516,0.952,83.0,0.371,0.531,0.008,0.134,0.154,-0.02,1.147
2023,div1,Florence-Darlington Tech,florencedarlingtontechnicalcollege,864,3132.0,2412.0,684.0,612.0,144.0,0.0,36.0,288.0,288.0,36.0,540.0,504.0,864.0,144.0,0.0,36.0,180.0,0.0,0.0,0.0,,0.254,0.414,0.433,0.847,74.0,0.302,0.514,0.011,0.161,0.172,-0.011,1.071
2023,div1,Florida SouthWestern State,floridasouthwesternstatecollege,438,1302.0,1033.0,324.0,327.0,84.0,13.0,51.0,287.0,92.0,16.0,173.0,240.0,590.0,69.0,14.0,13.0,148.0,20.0,91.0,136.0,0.669,0.317,0.437,0.714,1.151,100.0,0.366,0.527,0.039,0.184,0.133,0.051,0.721
2023,div1,Fort Scott,fortscottcommunitycollege,473,1276.0,1036.0,384.0,415.0,85.0,6.0,99.0,359.0,35.0,1.0,174.0,220.0,809.0,45.0,9.0,12.0,190.0,13.0,12.0,16.0,0.75,0.401,0.497,0.964,1.461,127.0,0.433,0.533,0.078,0.172,0.136,0.036,0.791
2023,div1,Frank Phillips,frankphillipscollege,276,869.0,693.0,216.0,236.0,46.0,6.0,32.0,192.0,48.0,5.0,118.0,176.0,390.0,40.0,10.0,8.0,84.0,8.0,0.0,0.0,,0.341,0.453,0.684,1.137,99.0,0.414,0.508,0.037,0.203,0.136,0.067,0.67
2023,div1,Frontier,frontiercommunitycollege,358,1121.0,911.0,251.0,274.0,58.0,11.0,10.0,206.0,89.0,17.0,158.0,195.0,384.0,38.0,1.0,13.0,79.0,0.0,0.0,0.0,,0.301,0.419,0.508,0.927,81.0,0.367,0.524,0.009,0.174,0.141,0.033,0.81
2023,div1,Galveston,galvestoncollege,305,800.0,671.0,140.0,196.0,41.0,2.0,6.0,126.0,32.0,9.0,95.0,107.0,259.0,15.0,10.0,9.0,49.0,4.0,22.0,16.0,1.375,0.292,0.382,0.459,0.841,73.0,0.335,0.447,0.008,0.134,0.119,0.015,0.888
2023,div1,Garden City,gardencitycommunitycollege,98,258.0,197.0,69.0,63.0,7.0,3.0,8.0,63.0,28.0,7.0,44.0,48.0,100.0,10.0,2.0,5.0,18.0,0.0,0.0,0.0,,0.32,0.453,0.599,1.052,91.0,0.377,0.56,0.031,0.186,0.171,0.015,0.917
2023,div1,Gaston College,gastoncollege,468,609.0,469.0,133.0,119.0,28.0,0.0,7.0,56.0,56.0,7.0,105.0,98.0,168.0,28.0,0.0,7.0,35.0,0.0,0.0,0.0,,0.254,0.414,0.433,0.847,74.0,0.302,0.514,0.011,0.161,0.172,-0.011,1.071
2023,div1,Georgia Highlands,georgiahighlandscollege,463,1245.0,983.0,335.0,366.0,71.0,11.0,49.0,302.0,78.0,8.0,182.0,172.0,606.0,49.0,13.0,18.0,131.0,14.0,183.0,194.0,0.943,0.372,0.48,0.75,1.23,107.0,0.406,0.522,0.039,0.138,0.146,-0.008,1.058
2023,div1,Gordon State,gordonstatecollege,304,858.0,700.0,217.0,255.0,50.0,6.0,12.0,189.0,60.0,6.0,105.0,126.0,353.0,29.0,5.0,19.0,68.0,7.0,21.0,9.0,2.333,0.364,0.453,0.601,1.054,92.0,0.418,0.544,0.014,0.147,0.122,0.025,0.833
2023,div1,Grayson,graysoncollege,196,599.0,504.0,133.0,174.0,33.0,6.0,10.0,114.0,33.0,9.0,70.0,114.0,249.0,12.0,3.0,10.0,49.0,0.0,0.0,0.0,,0.345,0.427,0.591,1.018,89.0,0.421,0.5,0.017,0.19,0.117,0.073,0.614
2023,div1,Gulf Coast State,gulfcoaststatecollege,350,1086.0,843.0,309.0,302.0,54.0,7.0,43.0,268.0,54.0,7.0,179.0,197.0,499.0,46.0,3.0,15.0,104.0,10.0,8.0,12.0,0.667,0.358,0.485,0.715,1.2,104.0,0.419,0.55,0.04,0.181,0.165,0.016,0.909
2023,div1,Hagerstown,hagerstowncommunitycollege,308,868.0,651.0,224.0,200.0,46.0,7.0,16.0,168.0,92.0,13.0,163.0,128.0,308.0,31.0,12.0,11.0,69.0,4.0,33.0,25.0,1.32,0.307,0.454,0.579,1.033,90.0,0.355,0.55,0.018,0.147,0.188,-0.041,1.273
2023,div1,Harford,harfordcommunitycollege,472,1245.0,960.0,367.0,355.0,95.0,9.0,53.0,338.0,94.0,6.0,211.0,192.0,627.0,43.0,1.0,30.0,157.0,11.0,178.0,248.0,0.718,0.37,0.489,0.817,1.306,114.0,0.405,0.565,0.043,0.154,0.169,-0.015,1.099
2023,div1,Highland (KS),highlandcommunitycollegekansas,187,406.0,317.0,107.0,106.0,19.0,4.0,12.0,96.0,41.0,5.0,62.0,79.0,169.0,20.0,2.0,5.0,35.0,0.0,20.0,17.0,1.176,0.334,0.463,0.644,1.107,96.0,0.407,0.54,0.03,0.195,0.153,0.042,0.785
2023,div1,Hill,hillcollege,344,1011.0,759.0,283.0,278.0,57.0,3.0,39.0,271.0,55.0,7.0,181.0,139.0,458.0,52.0,8.0,11.0,99.0,1.0,0.0,0.0,,0.366,0.505,0.734,1.239,108.0,0.404,0.517,0.039,0.137,0.179,-0.042,1.302
2023,div1,Hillsborough,hillsboroughcommunitycollege,178,579.0,443.0,121.0,146.0,27.0,2.0,5.0,110.0,22.0,10.0,91.0,97.0,192.0,35.0,0.0,10.0,34.0,0.0,0.0,0.0,,0.33,0.47,0.51,0.98,85.0,0.402,0.434,0.009,0.168,0.157,0.011,0.938
2023,div1,Howard (TX),howardcollege,485,1506.0,1201.0,464.0,484.0,111.0,15.0,65.0,425.0,101.0,11.0,249.0,260.0,820.0,32.0,7.0,17.0,191.0,9.0,5.0,0.0,,0.403,0.508,0.842,1.35,117.0,0.469,0.57,0.043,0.173,0.165,0.008,0.958
2023,div1,Hutchinson,hutchinsoncommunitycollege,348,1107.0,885.0,284.0,313.0,63.0,10.0,38.0,249.0,28.0,7.0,124.0,140.0,510.0,64.0,14.0,20.0,111.0,33.0,194.0,197.0,0.985,0.354,0.453,0.702,1.155,100.0,0.378,0.531,0.034,0.126,0.112,0.014,0.886
2023,div1,Indian Hills,indianhillscommunitycollege,445,1250.0,1034.0,323.0,363.0,69.0,15.0,17.0,273.0,95.0,31.0,127.0,159.0,513.0,56.0,9.0,24.0,101.0,18.0,179.0,268.0,0.668,0.351,0.437,0.594,1.031,90.0,0.392,0.578,0.014,0.127,0.102,0.025,0.799
2023,div1,Indian River State,indianriverstatecollege,335,1074.0,883.0,242.0,304.0,54.0,6.0,24.0,218.0,64.0,13.0,142.0,198.0,442.0,33.0,6.0,10.0,84.0,0.0,0.0,0.0,,0.344,0.446,0.596,1.042,91.0,0.417,0.479,0.022,0.184,0.132,0.052,0.717
2023,div1,Iowa Western,iowawesterncommunitycollege,560,1451.0,1125.0,360.0,389.0,78.0,17.0,46.0,319.0,130.0,20.0,204.0,231.0,639.0,67.0,34.0,21.0,141.0,0.0,10.0,11.0,0.909,0.346,0.455,0.693,1.148,100.0,0.395,0.511,0.032,0.159,0.141,0.018,0.883
2023,div1,Jackson State,jacksonstatecommunitycollege,116,0.0,0.0,0.0,0.0,0.0,0.0,0.0,0.0,0.0,0.0,0.0,0.0,0.0,0.0,0.0,0.0,0.0,0.0,0.0,0.0,,,,,,,,,,,,,
2023,div1,Jefferson (MO),jeffersoncollege,366,1086.0,867.0,277.0,277.0,63.0,9.0,40.0,239.0,50.0,12.0,170.0,218.0,476.0,34.0,2.0,13.0,112.0,0.0,0.0,0.0,,0.319,0.443,0.681,1.124,98.0,0.381,0.537,0.037,0.201,0.157,0.044,0.78
2023,div1,John A. Logan,johnalogancollege,538,1594.0,1228.0,420.0,437.0,104.0,13.0,63.0,373.0,90.0,9.0,260.0,271.0,756.0,79.0,5.0,22.0,180.0,23.0,8.0,8.0,1.0,0.356,0.487,0.762,1.249,109.0,0.408,0.501,0.04,0.17,0.163,0.007,0.959
2023,div1,Johnson County,johnsoncountycommunitycollege,681,1867.0,1494.0,504.0,578.0,114.0,29.0,50.0,461.0,120.0,20.0,272.0,242.0,900.0,57.0,20.0,24.0,193.0,4.0,48.0,37.0,1.297,0.387,0.486,0.732,1.218,106.0,0.431,0.53,0.027,0.13,0.146,-0.016,1.124
2023,div1,Kansas City Kansas,kansascitykansascommunitycollege,509,1412.0,1108.0,414.0,451.0,80.0,20.0,42.0,380.0,58.0,13.0,192.0,151.0,697.0,77.0,10.0,25.0,142.0,2.0,15.0,4.0,3.75,0.407,0.51,0.757,1.267,110.0,0.435,0.549,0.03,0.107,0.136,-0.029,1.272
2023,div1,Kaskaskia,kaskaskiacollege,336,906.0,742.0,225.0,256.0,55.0,11.0,20.0,199.0,93.0,18.0,121.0,163.0,393.0,27.0,3.0,13.0,86.0,2.0,18.0,26.0,0.692,0.345,0.446,0.646,1.092,95.0,0.413,0.534,0.022,0.18,0.134,0.046,0.742
2023,div1,Kishwaukee,kishwaukeecollege,53,164.0,135.0,29.0,43.0,10.0,2.0,1.0,22.0,19.0,3.0,20.0,31.0,60.0,7.0,0.0,2.0,13.0,0.0,0.0,0.0,,0.319,0.427,0.541,0.968,84.0,0.4,0.406,0.006,0.189,0.122,0.067,0.645
2023,div1,Labette,labettecommunitycollege,142,30.0,22.0,16.0,13.0,5.0,0.0,4.0,15.0,7.0,1.0,5.0,1.0,30.0,3.0,0.0,0.0,9.0,0.0,0.0,0.0,,0.591,0.7,1.773,2.473,215.0,0.529,0.706,0.133,0.033,0.167,-0.134,5.0
2023,div1,Lake Land,lakelandcollege,348,1064.0,821.0,284.0,258.0,50.0,5.0,47.0,238.0,42.0,23.0,167.0,241.0,459.0,52.0,14.0,10.0,102.0,0.0,0.0,0.0,,0.314,0.448,0.683,1.131,98.0,0.389,0.551,0.044,0.227,0.157,0.07,0.693
2023,div1,Lamar,lamarcommunitycollege,215,699.0,549.0,189.0,195.0,48.0,3.0,32.0,167.0,27.0,6.0,102.0,139.0,345.0,35.0,3.0,10.0,83.0,0.0,0.0,0.0,,0.355,0.475,0.78,1.255,109.0,0.42,0.523,0.046,0.199,0.146,0.053,0.734
2023,div1,Lawson State,lawsonstatecommunitycollege,384,1138.0,890.0,258.0,303.0,65.0,5.0,26.0,233.0,132.0,15.0,157.0,209.0,456.0,64.0,5.0,22.0,96.0,2.0,6.0,6.0,1.0,0.34,0.46,0.62,1.08,94.0,0.409,0.466,0.023,0.184,0.138,0.046,0.751
2023,div1,Lincoln Trail,lincolntrailcollege,426,1300.0,1004.0,325.0,327.0,73.0,8.0,20.0,257.0,59.0,12.0,182.0,194.0,476.0,67.0,26.0,21.0,101.0,12.0,148.0,258.0,0.574,0.326,0.443,0.575,1.018,89.0,0.379,0.549,0.015,0.149,0.14,0.009,0.938
2023,div1,Louisburg,louisburgcollege,360,991.0,777.0,218.0,246.0,48.0,3.0,12.0,168.0,54.0,10.0,157.0,154.0,336.0,33.0,8.0,16.0,63.0,0.0,0.0,0.0,,0.317,0.44,0.514,0.954,83.0,0.373,0.486,0.012,0.155,0.158,-0.003,1.019
2023,div1,Luna,lunacommunitycollege,252,0.0,0.0,0.0,0.0,0.0,0.0,0.0,0.0,0.0,0.0,0.0,0.0,0.0,0.0,0.0,0.0,0.0,0.0,0.0,0.0,,,,,,,,,,,,,
2023,div1,Lurleen B. Wallace,lurleenbwallacecommunitycollege,324,901.0,707.0,246.0,261.0,44.0,5.0,13.0,212.0,52.0,2.0,125.0,112.0,354.0,47.0,3.0,19.0,62.0,1.0,5.0,5.0,1.0,0.369,0.481,0.588,1.069,93.0,0.413,0.555,0.014,0.124,0.139,-0.015,1.116
2023,div1,Marion Military,marionmilitaryinstitute,116,0.0,0.0,0.0,0.0,0.0,0.0,0.0,0.0,0.0,0.0,0.0,0.0,0.0,0.0,0.0,0.0,0.0,0.0,0.0,0.0,,,,,,,,,,,,,
2023,div1,Marshalltown,marshalltowncc,99,300.0,251.0,69.0,83.0,16.0,3.0,7.0,62.0,7.0,3.0,27.0,57.0,126.0,17.0,4.0,1.0,26.0,1.0,0.0,0.0,,0.331,0.423,0.606,1.029,89.0,0.404,0.517,0.023,0.19,0.09,0.1,0.474
2023,div1,McCook,mccookcommunitycollege,288,584.0,470.0,164.0,175.0,40.0,4.0,31.0,168.0,7.0,2.0,88.0,98.0,316.0,21.0,0.0,5.0,75.0,0.0,0.0,0.0,,0.372,0.486,0.832,1.318,115.0,0.416,0.526,0.053,0.168,0.151,0.017,0.898
2023,div1,McLennan,mclennancommunitycollege,715,1965.0,1523.0,352.0,459.0,87.0,7.0,16.0,315.0,106.0,31.0,313.0,332.0,608.0,60.0,32.0,37.0,110.0,14.0,29.0,27.0,1.074,0.301,0.423,0.471,0.894,78.0,0.366,0.412,0.008,0.169,0.159,0.01,0.943
2023,div1,Metropolitan,metropolitancommunitycollege,1200,5340.0,4710.0,1650.0,2070.0,540.0,120.0,390.0,1800.0,300.0,150.0,420.0,780.0,4020.0,90.0,0.0,120.0,1050.0,30.0,660.0,720.0,0.917,0.439,0.483,1.076,1.559,136.0,0.459,0.575,0.073,0.146,0.079,0.067,0.538
2023,div1,Miami Dade,miamidadecollege,455,1477.0,1217.0,298.0,380.0,65.0,12.0,42.0,265.0,35.0,11.0,209.0,236.0,595.0,32.0,4.0,15.0,119.0,0.0,13.0,22.0,0.591,0.312,0.42,0.587,1.007,88.0,0.354,0.442,0.028,0.16,0.142,0.018,0.886
2023,div1,Midland,midlandcollege,548,1503.0,1211.0,406.0,443.0,115.0,19.0,45.0,351.0,106.0,10.0,209.0,238.0,730.0,52.0,9.0,22.0,179.0,15.0,0.0,0.0,,0.366,0.468,0.751,1.219,106.0,0.419,0.548,0.03,0.158,0.139,0.019,0.878
2023,div1,Mineral Area,mineralareacollege,470,1334.0,1072.0,307.0,377.0,81.0,8.0,26.0,264.0,64.0,3.0,199.0,202.0,552.0,37.0,5.0,21.0,115.0,0.0,0.0,0.0,,0.352,0.46,0.622,1.082,94.0,0.406,0.479,0.019,0.151,0.149,0.002,0.985
2023,div1,Monroe College,monroecollege,384,1051.0,867.0,232.0,294.0,67.0,10.0,12.0,196.0,46.0,12.0,129.0,199.0,417.0,38.0,8.0,9.0,89.0,14.0,191.0,159.0,1.201,0.339,0.439,0.584,1.023,89.0,0.424,0.49,0.011,0.189,0.123,0.066,0.648
2023,div1,Motlow State,motlowstatecommunitycollege,307,860.0,686.0,204.0,214.0,33.0,9.0,35.0,179.0,44.0,8.0,119.0,148.0,370.0,33.0,9.0,13.0,77.0,3.0,29.0,35.0,0.829,0.312,0.426,0.652,1.078,94.0,0.347,0.511,0.041,0.172,0.138,0.034,0.804
2023,div1,Navarro,navarrocollege,683,2349.0,1809.0,513.0,459.0,108.0,0.0,27.0,216.0,216.0,27.0,405.0,378.0,648.0,108.0,0.0,27.0,135.0,0.0,0.0,0.0,,0.254,0.414,0.433,0.847,74.0,0.302,0.514,0.011,0.161,0.172,-0.011,1.071
2023,div1,Neosho County,neoshocountycommunitycollege,412,1168.0,906.0,319.0,330.0,79.0,8.0,50.0,290.0,18.0,5.0,174.0,192.0,575.0,52.0,16.0,20.0,137.0,7.0,73.0,66.0,1.106,0.364,0.476,0.786,1.262,110.0,0.409,0.532,0.043,0.164,0.149,0.015,0.906
2023,div1,New Mexico,newmexicojuniorcollege,544,1717.0,1399.0,489.0,533.0,139.0,18.0,95.0,460.0,64.0,7.0,219.0,274.0,993.0,78.0,0.0,21.0,252.0,0.0,0.0,0.0,,0.381,0.483,0.89,1.373,119.0,0.417,0.536,0.055,0.16,0.128,0.032,0.799
2023,div1,New Mexico Military,newmexicomilitaryinstitute,521,1495.0,1211.0,451.0,461.0,105.0,31.0,72.0,403.0,55.0,8.0,199.0,254.0,844.0,66.0,1.0,18.0,208.0,14.0,0.0,0.0,,0.381,0.486,0.869,1.355,118.0,0.431,0.58,0.048,0.17,0.133,0.037,0.783
2023,div1,North Central Texas,northcentraltexascollege,196,605.0,496.0,126.0,157.0,27.0,6.0,19.0,112.0,29.0,4.0,97.0,126.0,253.0,0.0,5.0,7.0,52.0,0.0,0.0,0.0,,0.317,0.42,0.615,1.035,90.0,0.385,0.455,0.031,0.208,0.16,0.048,0.77
2023,div1,Northeast Texas,northeasttexascommunitycollege,305,879.0,652.0,204.0,210.0,46.0,5.0,10.0,176.0,79.0,17.0,168.0,145.0,296.0,31.0,13.0,15.0,61.0,0.0,0.0,0.0,,0.322,0.465,0.548,1.013,88.0,0.391,0.486,0.011,0.165,0.191,-0.026,1.159
2023,div1,Northeastern,northeasternjuniorcollege,424,1191.0,958.0,352.0,370.0,76.0,5.0,51.0,310.0,97.0,18.0,166.0,180.0,609.0,55.0,0.0,12.0,132.0,0.0,0.0,0.0,,0.386,0.496,0.773,1.269,110.0,0.432,0.557,0.043,0.151,0.139,0.012,0.922
2023,div1,Northeastern Oklahoma A&M,northeasternoklahomaamcollege,313,853.0,686.0,195.0,241.0,61.0,8.0,22.0,179.0,34.0,6.0,133.0,148.0,384.0,16.0,8.0,10.0,91.0,0.0,0.0,0.0,,0.351,0.457,0.692,1.149,100.0,0.416,0.47,0.026,0.174,0.156,0.018,0.899
2023,div1,Northwest Florida State,northwestfloridastatecollege,461,1262.0,1001.0,319.0,332.0,69.0,8.0,44.0,286.0,43.0,2.0,178.0,222.0,549.0,51.0,10.0,22.0,121.0,0.0,0.0,0.0,,0.332,0.445,0.669,1.114,97.0,0.38,0.532,0.035,0.176,0.141,0.035,0.802
2023,div1,Nunez,nunezcommunitycollege,340,953.0,721.0,201.0,242.0,49.0,1.0,17.0,171.0,57.0,9.0,148.0,145.0,344.0,57.0,13.0,14.0,67.0,12.0,0.0,0.0,,0.336,0.469,0.57,1.039,90.0,0.393,0.428,0.018,0.152,0.155,-0.003,1.021
2023,div1,Odessa,odessacollege,458,1265.0,1035.0,334.0,371.0,64.0,12.0,33.0,266.0,83.0,16.0,167.0,189.0,558.0,61.0,2.0,0.0,109.0,2.0,0.0,0.0,,0.358,0.474,0.644,1.118,97.0,0.416,0.532,0.026,0.149,0.132,0.017,0.884
2023,div1,Olive-Harvey,oliveharveycollege,354,1177.0,979.0,286.0,385.0,88.0,11.0,55.0,319.0,66.0,0.0,165.0,308.0,660.0,33.0,0.0,0.0,154.0,11.0,0.0,0.0,,0.393,0.495,0.831,1.326,115.0,0.536,0.438,0.047,0.262,0.14,0.122,0.536
2023,div1,Olney Central,olneycentralcollege,375,1166.0,960.0,261.0,323.0,61.0,9.0,14.0,214.0,55.0,5.0,123.0,165.0,444.0,50.0,16.0,17.0,84.0,0.0,0.0,0.0,,0.336,0.425,0.55,0.975,85.0,0.387,0.512,0.012,0.142,0.105,0.037,0.745
2023,div1,Otero,oterocollege,311,947.0,749.0,270.0,276.0,46.0,12.0,36.0,247.0,16.0,9.0,136.0,165.0,454.0,43.0,5.0,14.0,94.0,9.0,15.0,9.0,1.667,0.368,0.48,0.732,1.212,105.0,0.427,0.558,0.038,0.174,0.144,0.03,0.824
2023,div1,Panola,panolacollege,329,939.0,770.0,207.0,234.0,45.0,12.0,15.0,180.0,30.0,1.0,130.0,183.0,348.0,32.0,1.0,6.0,72.0,0.0,0.0,0.0,,0.304,0.422,0.545,0.967,84.0,0.379,0.504,0.016,0.195,0.138,0.057,0.71
2023,div1,Paris,parisjuniorcollege,543,1658.0,1288.0,373.0,439.0,95.0,20.0,36.0,341.0,129.0,12.0,257.0,274.0,681.0,72.0,18.0,23.0,151.0,0.0,3.0,10.0,0.3,0.341,0.463,0.647,1.11,97.0,0.403,0.46,0.022,0.165,0.155,0.01,0.938
2023,div1,Pensacola State,pensacolastatecollege,430,1201.0,958.0,285.0,299.0,56.0,6.0,51.0,254.0,76.0,15.0,184.0,230.0,519.0,42.0,1.0,16.0,113.0,2.0,20.0,9.0,2.222,0.312,0.437,0.661,1.098,95.0,0.358,0.494,0.042,0.192,0.153,0.039,0.8
2023,div1,Pima,pimacommunitycollege,628,1674.0,1374.0,374.0,429.0,87.0,24.0,24.0,343.0,118.0,30.0,219.0,273.0,636.0,67.0,1.0,13.0,135.0,0.0,0.0,0.0,,0.312,0.427,0.561,0.988,86.0,0.372,0.507,0.014,0.163,0.131,0.032,0.802
2023,div1,Polk State,polkstatecollege,444,1350.0,1109.0,283.0,366.0,70.0,19.0,17.0,246.0,75.0,14.0,156.0,251.0,525.0,38.0,26.0,21.0,106.0,22.0,191.0,213.0,0.897,0.33,0.415,0.569,0.984,86.0,0.405,0.49,0.013,0.186,0.116,0.07,0.622
2023,div1,Potomac State,wvupotomacstatecollege,438,1072.0,873.0,249.0,283.0,59.0,14.0,22.0,225.0,41.0,7.0,128.0,162.0,436.0,45.0,8.0,18.0,95.0,13.0,182.0,231.0,0.788,0.324,0.425,0.608,1.033,90.0,0.369,0.523,0.021,0.151,0.119,0.032,0.79
2023,div1,Pratt,prattcommunitycollege,297,940.0,732.0,222.0,239.0,51.0,10.0,26.0,197.0,78.0,12.0,121.0,150.0,388.0,62.0,14.0,11.0,87.0,6.0,43.0,34.0,1.265,0.327,0.449,0.649,1.098,95.0,0.376,0.495,0.028,0.16,0.129,0.031,0.807
2023,div1,Ranger,rangercollege,561,1825.0,1455.0,511.0,608.0,111.0,17.0,24.0,397.0,164.0,24.0,266.0,283.0,825.0,74.0,23.0,7.0,152.0,27.0,0.0,0.0,,0.418,0.519,0.671,1.19,103.0,0.506,0.527,0.013,0.155,0.146,0.009,0.94
2023,div1,Rend Lake,rendlakecollege,328,881.0,689.0,197.0,218.0,41.0,4.0,17.0,154.0,73.0,10.0,124.0,136.0,318.0,55.0,7.0,6.0,62.0,4.0,18.0,11.0,1.636,0.316,0.451,0.552,1.003,87.0,0.371,0.474,0.019,0.154,0.141,0.013,0.912
2023,div1,Roane State,roanestatecommunitycollege,151,424.0,336.0,85.0,106.0,13.0,4.0,3.0,69.0,29.0,7.0,58.0,59.0,136.0,14.0,6.0,10.0,20.0,0.0,25.0,17.0,1.471,0.315,0.42,0.464,0.884,77.0,0.363,0.469,0.007,0.139,0.137,0.002,0.983
2023,div1,Rose State,rosestatecollege,98,0.0,0.0,0.0,0.0,0.0,0.0,0.0,0.0,0.0,0.0,0.0,0.0,0.0,0.0,0.0,0.0,0.0,0.0,0.0,0.0,,,,,,,,,,,,,
2023,div1,Salt Lake,saltlakecommunitycollege,140,0.0,0.0,0.0,0.0,0.0,0.0,0.0,0.0,0.0,0.0,0.0,0.0,0.0,0.0,0.0,0.0,0.0,0.0,0.0,0.0,,,,,,,,,,,,,
2023,div1,San Jacinto-North,sanjacintocollegenorth,1092,4173.0,3471.0,1014.0,1365.0,312.0,39.0,195.0,1131.0,234.0,0.0,585.0,1092.0,2340.0,117.0,0.0,0.0,546.0,39.0,0.0,0.0,,0.393,0.495,0.831,1.326,115.0,0.536,0.438,0.047,0.262,0.14,0.122,0.536
2023,div1,Santa Fe,santafecollege,604,1835.0,1485.0,402.0,461.0,103.0,12.0,41.0,340.0,62.0,14.0,240.0,323.0,711.0,78.0,11.0,21.0,156.0,12.0,0.0,0.0,,0.31,0.425,0.584,1.009,88.0,0.368,0.489,0.022,0.176,0.131,0.045,0.743
2023,div1,Seminole State (FL),seminolestatecollegeofflorida,327,960.0,797.0,185.0,238.0,51.0,7.0,36.0,163.0,57.0,12.0,112.0,177.0,411.0,33.0,8.0,10.0,94.0,12.0,12.0,13.0,0.923,0.299,0.399,0.634,1.033,90.0,0.34,0.429,0.038,0.184,0.117,0.067,0.633
2023,div1,Seminole State (OK),seminolestatecollegeok,476,1381.0,1075.0,404.0,392.0,103.0,13.0,69.0,365.0,79.0,10.0,205.0,217.0,727.0,84.0,3.0,14.0,185.0,2.0,7.0,5.0,1.4,0.365,0.493,0.849,1.342,117.0,0.402,0.547,0.05,0.157,0.148,0.009,0.945
2023,div1,Seward County,sewardcountycommunitycollege,452,1592.0,1317.0,530.0,563.0,133.0,12.0,70.0,483.0,41.0,8.0,201.0,231.0,930.0,63.0,3.0,8.0,215.0,9.0,51.0,50.0,1.02,0.427,0.519,0.869,1.388,121.0,0.481,0.608,0.044,0.145,0.126,0.019,0.87
2023,div1,Shawnee,shawneecommunitycollege,89,293.0,238.0,88.0,69.0,22.0,2.0,3.0,31.0,34.0,2.0,21.0,52.0,104.0,24.0,5.0,5.0,27.0,1.0,0.0,0.0,,0.29,0.389,0.55,0.939,82.0,0.351,0.766,0.01,0.177,0.072,0.105,0.404
2023,div1,Shelton State,sheltonstatecommunitycollege,457,875.0,733.0,200.0,241.0,47.0,1.0,18.0,173.0,41.0,4.0,110.0,151.0,344.0,25.0,1.0,6.0,66.0,0.0,1.0,1.0,1.0,0.329,0.43,0.559,0.989,86.0,0.391,0.508,0.021,0.173,0.126,0.047,0.728
2023,div1,Snead State,sneadstatecommunitycollege,399,1142.0,857.0,297.0,316.0,65.0,7.0,42.0,274.0,23.0,7.0,187.0,190.0,521.0,56.0,21.0,21.0,114.0,10.0,4.0,6.0,0.667,0.369,0.489,0.741,1.23,107.0,0.424,0.493,0.037,0.166,0.164,0.002,0.984
2023,div1,South Georgia State,southgeorgiastatecollege,547,1281.0,1064.0,311.0,364.0,74.0,5.0,19.0,274.0,54.0,7.0,146.0,172.0,505.0,49.0,1.0,21.0,98.0,0.0,0.0,0.0,,0.342,0.436,0.567,1.003,87.0,0.386,0.541,0.015,0.134,0.114,0.02,0.849
2023,div1,South Mountain,southmountaincommunitycollege,583,1686.0,1372.0,347.0,449.0,90.0,16.0,35.0,306.0,96.0,19.0,230.0,299.0,676.0,55.0,12.0,17.0,141.0,19.0,253.0,292.0,0.866,0.327,0.435,0.595,1.03,90.0,0.392,0.446,0.021,0.177,0.136,0.041,0.769
2023,div1,South Suburban,southsuburbancollege,518,1590.0,1186.0,451.0,415.0,96.0,32.0,24.0,357.0,121.0,17.0,277.0,220.0,647.0,83.0,12.0,32.0,152.0,12.0,208.0,203.0,1.025,0.35,0.487,0.674,1.161,101.0,0.401,0.569,0.015,0.138,0.174,-0.036,1.259
2023,div1,Southeast,southeastcommunitycollege,513,1355.0,1101.0,384.0,412.0,90.0,23.0,60.0,326.0,110.0,26.0,158.0,252.0,728.0,71.0,15.0,10.0,173.0,0.0,0.0,0.0,,0.374,0.473,0.818,1.291,112.0,0.441,0.558,0.044,0.186,0.117,0.069,0.627
2023,div1,Southeastern Illinois,southeasternillinoiscollege,241,726.0,585.0,186.0,209.0,39.0,13.0,7.0,161.0,39.0,6.0,101.0,119.0,295.0,29.0,2.0,9.0,59.0,0.0,0.0,0.0,,0.357,0.467,0.605,1.072,93.0,0.432,0.539,0.01,0.164,0.139,0.025,0.849
2023,div1,Southern Idaho,collegeofsouthernidaho,431,1118.0,894.0,261.0,279.0,51.0,9.0,21.0,228.0,50.0,12.0,149.0,168.0,410.0,43.0,14.0,18.0,81.0,8.0,185.0,178.0,1.039,0.312,0.421,0.55,0.971,84.0,0.357,0.533,0.019,0.15,0.133,0.017,0.887
2023,div1,Southern Nevada,collegeofsouthernnevada,1012,4195.0,3652.0,1261.0,1561.0,394.0,90.0,276.0,1357.0,230.0,116.0,354.0,616.0,2963.0,94.0,5.0,90.0,760.0,25.0,534.0,585.0,0.913,0.427,0.479,1.019,1.498,130.0,0.451,0.568,0.066,0.147,0.084,0.063,0.575
2023,div1,Southern Union State,southernunionstatecommunitycollege,328,841.0,723.0,183.0,263.0,53.0,6.0,15.0,167.0,45.0,6.0,83.0,148.0,373.0,22.0,5.0,8.0,74.0,1.0,7.0,9.0,0.778,0.364,0.438,0.618,1.056,92.0,0.437,0.476,0.018,0.176,0.099,0.077,0.561
2023,div1,Southwest Tennessee,southwesttennesseecommunitycollege,580,1625.0,1313.0,388.0,470.0,76.0,14.0,45.0,377.0,133.0,19.0,231.0,223.0,709.0,52.0,4.0,25.0,135.0,13.0,19.0,25.0,0.76,0.358,0.463,0.643,1.106,96.0,0.397,0.484,0.028,0.137,0.142,-0.005,1.036
2023,div1,Southwestern,southwesterncommunitycollege,223,696.0,571.0,162.0,190.0,30.0,6.0,12.0,143.0,32.0,4.0,79.0,114.0,268.0,28.0,11.0,7.0,48.0,3.0,91.0,44.0,2.068,0.333,0.427,0.553,0.98,85.0,0.394,0.526,0.017,0.164,0.114,0.05,0.693
2023,div1,Southwestern Illinois,southwesternillinoiscollege,674,1745.0,1324.0,485.0,468.0,98.0,11.0,56.0,436.0,111.0,18.0,290.0,284.0,756.0,84.0,16.0,31.0,165.0,1.0,14.0,15.0,0.933,0.353,0.483,0.696,1.179,103.0,0.406,0.546,0.032,0.163,0.166,-0.003,1.021
2023,div1,Spartanburg Methodist,spartanburgmethodist,393,945.0,761.0,290.0,293.0,69.0,9.0,25.0,236.0,52.0,2.0,131.0,125.0,455.0,25.0,10.0,18.0,103.0,9.0,141.0,165.0,0.855,0.385,0.475,0.733,1.208,105.0,0.426,0.625,0.026,0.132,0.139,-0.007,1.048
2023,div1,St. Charles,stcharlescommunitycollege,431,1259.0,1053.0,272.0,350.0,80.0,27.0,49.0,311.0,73.0,12.0,168.0,309.0,631.0,35.0,0.0,3.0,156.0,6.0,0.0,0.0,,0.332,0.439,0.747,1.186,103.0,0.431,0.442,0.039,0.245,0.133,0.112,0.544
2023,div1,St. Johns River State,stjohnsriverstatecollege,39,52.0,39.0,0.0,0.0,0.0,0.0,0.0,0.0,0.0,0.0,0.0,0.0,0.0,0.0,13.0,0.0,0.0,0.0,0.0,0.0,,0.0,0.0,0.0,0.0,0.0,0.0,,0.0,0.0,0.0,0.0,
2023,div1,St. Louis,stlouiscommunitycollege,294,811.0,649.0,227.0,227.0,51.0,5.0,36.0,199.0,29.0,6.0,128.0,136.0,396.0,21.0,2.0,11.0,92.0,2.0,0.0,0.0,,0.35,0.464,0.752,1.216,106.0,0.391,0.562,0.044,0.168,0.158,0.01,0.941
2023,div1,St. Petersburg,stpetersburgcollege,238,808.0,665.0,230.0,287.0,53.0,17.0,19.0,204.0,81.0,12.0,110.0,106.0,431.0,14.0,5.0,14.0,89.0,4.0,0.0,0.0,,0.432,0.509,0.782,1.291,112.0,0.484,0.538,0.024,0.131,0.136,-0.005,1.038
2023,div1,State College of Florida,statecollegeoffloridamanateesaraso,465,1448.0,1186.0,359.0,413.0,89.0,11.0,35.0,306.0,65.0,17.0,177.0,216.0,629.0,59.0,6.0,20.0,135.0,22.0,11.0,12.0,0.917,0.348,0.448,0.644,1.092,95.0,0.396,0.528,0.024,0.149,0.122,0.027,0.819
2023,div1,State Fair,statefaircommunitycollege,301,746.0,581.0,169.0,208.0,55.0,7.0,17.0,151.0,22.0,10.0,95.0,126.0,328.0,36.0,24.0,10.0,79.0,0.0,0.0,0.0,,0.358,0.454,0.701,1.155,100.0,0.426,0.472,0.023,0.169,0.127,0.042,0.754
2023,div1,Tallahassee,tallahasseecommunitycollege,203,0.0,0.0,0.0,0.0,0.0,0.0,0.0,0.0,0.0,0.0,0.0,0.0,0.0,0.0,0.0,0.0,0.0,0.0,0.0,0.0,,,,,,,,,,,,,
2023,div1,Temple,templecollege,499,1428.0,1135.0,314.0,366.0,61.0,6.0,38.0,286.0,63.0,12.0,205.0,240.0,553.0,34.0,35.0,19.0,105.0,8.0,0.0,0.0,,0.322,0.424,0.58,1.004,87.0,0.374,0.487,0.027,0.168,0.144,0.024,0.854
2023,div1,Three Rivers,threeriverscommunitycollegemo,351,950.0,776.0,237.0,278.0,40.0,9.0,16.0,193.0,52.0,10.0,110.0,154.0,384.0,45.0,3.0,16.0,65.0,10.0,105.0,177.0,0.593,0.358,0.456,0.579,1.035,90.0,0.421,0.53,0.017,0.162,0.116,0.046,0.714
2023,div1,Trinidad State,trinidadstatecollege,402,1109.0,898.0,340.0,363.0,94.0,18.0,48.0,285.0,52.0,5.0,149.0,176.0,637.0,51.0,1.0,10.0,160.0,3.0,0.0,0.0,,0.404,0.508,0.888,1.396,121.0,0.461,0.567,0.043,0.159,0.134,0.025,0.847
2023,div1,Triton,tritoncollege,375,476.0,434.0,84.0,112.0,28.0,28.0,14.0,112.0,14.0,14.0,28.0,98.0,238.0,14.0,0.0,0.0,70.0,0.0,0.0,0.0,,0.258,0.324,0.71,1.034,90.0,0.304,0.5,0.029,0.206,0.059,0.147,0.286
2023,div1,Tyler,tylerjuniorcollege,437,1197.0,948.0,277.0,290.0,50.0,7.0,46.0,229.0,56.0,12.0,189.0,209.0,491.0,37.0,15.0,8.0,103.0,0.0,0.0,0.0,,0.306,0.431,0.628,1.059,92.0,0.348,0.491,0.038,0.175,0.158,0.017,0.904
2023,div1,USC Lancaster,usclancaster,966,3730.0,3181.0,1167.0,1333.0,354.0,68.0,245.0,1132.0,322.0,85.0,374.0,626.0,2558.0,91.0,16.0,68.0,667.0,17.0,390.0,408.0,0.956,0.419,0.482,1.014,1.496,130.0,0.458,0.594,0.066,0.168,0.1,0.068,0.597
2023,div1,USC Salkehatchie,uscsalkehatchie,114,120.0,95.0,25.0,24.0,2.0,0.0,1.0,20.0,5.0,3.0,19.0,23.0,29.0,3.0,0.0,3.0,3.0,0.0,0.0,0.0,,0.253,0.383,0.337,0.72,63.0,0.311,0.533,0.008,0.192,0.158,0.034,0.826
2023,div1,USC Sumter,uscsumter,159,3.0,3.0,1.0,2.0,1.0,0.0,0.0,1.0,0.0,0.0,0.0,1.0,3.0,0.0,0.0,0.0,1.0,0.0,0.0,0.0,,0.667,0.667,1.333,2.0,174.0,1.0,0.5,0.0,0.333,0.0,0.333,0.0
2023,div1,USC Union,uscunion,121,317.0,287.0,77.0,106.0,9.0,33.0,4.0,92.0,19.0,3.0,25.0,92.0,193.0,3.0,0.0,2.0,46.0,0.0,0.0,0.0,,0.369,0.423,0.833,1.256,109.0,0.528,0.562,0.013,0.29,0.079,0.211,0.272
2023,div1,Utah State Eastern,utahstateeastern,207,626.0,529.0,118.0,157.0,27.0,11.0,14.0,109.0,11.0,3.0,74.0,146.0,248.0,11.0,7.0,5.0,52.0,2.0,53.0,45.0,1.178,0.297,0.387,0.567,0.954,83.0,0.382,0.456,0.022,0.233,0.118,0.115,0.507
2023,div1,Vernon,vernoncollege,315,942.0,769.0,258.0,289.0,74.0,4.0,33.0,240.0,42.0,9.0,122.0,137.0,470.0,36.0,4.0,11.0,111.0,8.0,0.0,0.0,,0.376,0.475,0.756,1.231,107.0,0.42,0.543,0.035,0.145,0.13,0.015,0.891
2023,div1,Volunteer State,volunteerstatecommunitycollege,405,1072.0,853.0,283.0,278.0,64.0,6.0,41.0,241.0,57.0,2.0,136.0,155.0,477.0,50.0,9.0,24.0,111.0,10.0,134.0,236.0,0.568,0.326,0.433,0.689,1.122,98.0,0.348,0.572,0.038,0.145,0.127,0.018,0.877
2023,div1,Wabash Valley,wabashvalleycollege,795,1899.0,1435.0,538.0,545.0,115.0,13.0,38.0,482.0,121.0,20.0,330.0,280.0,800.0,92.0,7.0,35.0,166.0,0.0,9.0,5.0,1.8,0.38,0.509,0.673,1.182,103.0,0.44,0.538,0.02,0.147,0.174,-0.027,1.179
2023,div1,Wallace State,wallacestatecommunitycollegehancevil,485,1387.0,1100.0,326.0,409.0,82.0,3.0,50.0,323.0,40.0,9.0,207.0,186.0,641.0,48.0,17.0,15.0,135.0,0.0,25.0,15.0,1.667,0.372,0.479,0.711,1.19,103.0,0.408,0.45,0.036,0.134,0.149,-0.015,1.113
2023,div1,Wallace-Dothan,wallacecommunitycollegedothan,439,1328.0,1080.0,310.0,382.0,63.0,9.0,25.0,283.0,35.0,7.0,181.0,152.0,538.0,40.0,10.0,17.0,97.0,22.0,6.0,2.0,3.0,0.354,0.454,0.588,1.042,91.0,0.388,0.493,0.019,0.114,0.136,-0.022,1.191
2023,div1,Wallace-Selma,wallacecommunitycollegeselma,102,108.0,81.0,0.0,0.0,0.0,0.0,0.0,0.0,0.0,0.0,0.0,0.0,0.0,0.0,27.0,0.0,0.0,0.0,0.0,0.0,,0.0,0.0,0.0,0.0,0.0,0.0,,0.0,0.0,0.0,0.0,
2023,div1,Walters State,waltersstatecommunitycollege,700,1775.0,1409.0,539.0,524.0,115.0,14.0,102.0,494.0,68.0,11.0,264.0,306.0,973.0,68.0,7.0,27.0,231.0,11.0,231.0,331.0,0.698,0.372,0.482,0.855,1.337,116.0,0.411,0.58,0.057,0.172,0.149,0.023,0.863
2023,div1,Weatherford,weatherfordcollege,563,1707.0,1334.0,443.0,448.0,104.0,14.0,77.0,409.0,69.0,17.0,280.0,278.0,811.0,74.0,1.0,18.0,195.0,0.0,0.0,0.0,,0.336,0.47,0.754,1.224,106.0,0.372,0.505,0.045,0.163,0.164,-0.001,1.007
2023,div1,Western Nebraska,westernnebraskacommunitycollege,186,605.0,475.0,154.0,154.0,30.0,8.0,27.0,133.0,37.0,3.0,84.0,125.0,281.0,42.0,2.0,2.0,65.0,3.0,0.0,0.0,,0.324,0.463,0.728,1.191,104.0,0.391,0.502,0.045,0.207,0.139,0.068,0.672
2023,div1,Western Texas,westerntexascollege,303,949.0,746.0,197.0,253.0,31.0,9.0,11.0,185.0,55.0,11.0,153.0,156.0,335.0,23.0,7.0,20.0,51.0,10.0,7.0,7.0,1.0,0.339,0.452,0.517,0.969,84.0,0.404,0.445,0.012,0.164,0.161,0.003,0.981
2023,div1,Wharton County,whartoncountyjuniorcollege,414,1224.0,992.0,275.0,319.0,73.0,5.0,21.0,243.0,104.0,26.0,168.0,201.0,465.0,39.0,13.0,12.0,99.0,2.0,24.0,16.0,1.5,0.322,0.43,0.569,0.999,87.0,0.381,0.503,0.017,0.164,0.137,0.027,0.836
2023,div1,Yavapai,yavapaicollege,419,1203.0,952.0,288.0,321.0,71.0,16.0,40.0,250.0,76.0,17.0,175.0,246.0,544.0,47.0,15.0,14.0,127.0,11.0,0.0,0.0,,0.337,0.451,0.705,1.156,101.0,0.413,0.493,0.033,0.204,0.145,0.059,0.711
2023,div2,Allegany Maryland,alleganycollegeofmaryland,395,1051.0,834.0,312.0,300.0,69.0,5.0,23.0,256.0,66.0,8.0,137.0,167.0,448.0,57.0,6.0,17.0,97.0,1.0,36.0,57.0,0.632,0.36,0.47,0.653,1.123,102.0,0.419,0.614,0.022,0.159,0.13,0.029,0.82
2023,div2,Alpena,alpenacommunitycollege,53,175.0,138.0,40.0,49.0,11.0,2.0,1.0,36.0,5.0,1.0,29.0,24.0,67.0,3.0,0.0,5.0,14.0,0.0,0.0,0.0,,0.355,0.463,0.587,1.05,95.0,0.407,0.488,0.006,0.137,0.166,-0.029,1.208
2023,div2,Anne Arundel,annearundelcommunitycollege,289,789.0,612.0,179.0,200.0,33.0,8.0,6.0,146.0,72.0,10.0,101.0,135.0,267.0,50.0,16.0,10.0,47.0,5.0,123.0,111.0,1.108,0.327,0.445,0.513,0.958,87.0,0.403,0.501,0.008,0.171,0.128,0.043,0.748
2023,div2,Bismarck State,bismarckstatecollege,336,1040.0,795.0,345.0,296.0,63.0,19.0,30.0,281.0,85.0,9.0,179.0,146.0,487.0,40.0,9.0,17.0,112.0,6.0,5.0,5.0,1.0,0.372,0.495,0.753,1.248,113.0,0.418,0.649,0.029,0.14,0.172,-0.032,1.226
2023,div2,Black Hawk-Moline,blackhawkcollegemoline,359,1051.0,828.0,263.0,257.0,51.0,27.0,14.0,202.0,93.0,15.0,138.0,167.0,404.0,45.0,27.0,13.0,92.0,6.0,0.0,0.0,,0.31,0.419,0.599,1.018,92.0,0.368,0.585,0.013,0.159,0.131,0.028,0.826
2023,div2,Brunswick,brunswickcommunitycollege,373,1076.0,906.0,252.0,313.0,48.0,7.0,14.0,217.0,39.0,6.0,104.0,155.0,417.0,40.0,12.0,14.0,69.0,0.0,11.0,10.0,1.1,0.345,0.425,0.536,0.961,87.0,0.398,0.537,0.013,0.144,0.097,0.047,0.671
2023,div2,Bryant & Stratton (VA),bryantstrattoncollegeva,415,1098.0,861.0,304.0,315.0,54.0,5.0,44.0,260.0,85.0,19.0,148.0,181.0,511.0,62.0,19.0,8.0,103.0,2.0,18.0,14.0,1.286,0.366,0.478,0.713,1.191,108.0,0.421,0.541,0.04,0.165,0.135,0.03,0.818
2023,div2,Bryant & Stratton College (WI),bryantstrattoncollegewi,289,849.0,670.0,208.0,221.0,41.0,13.0,18.0,181.0,64.0,6.0,127.0,122.0,341.0,39.0,0.0,13.0,72.0,0.0,0.0,0.0,,0.33,0.456,0.618,1.074,97.0,0.374,0.515,0.021,0.144,0.15,-0.006,1.041
2023,div2,Bryant & Stratton-Cleveland,bryantstrattoncleveland,317,908.0,728.0,261.0,252.0,64.0,10.0,38.0,218.0,77.0,7.0,132.0,149.0,450.0,35.0,5.0,8.0,112.0,5.0,42.0,73.0,0.575,0.346,0.461,0.772,1.233,112.0,0.39,0.585,0.042,0.164,0.145,0.019,0.886
2023,div2,CCBC Catonsville,ccbccatonsville,487,1449.0,1154.0,376.0,392.0,70.0,16.0,31.0,305.0,63.0,4.0,227.0,218.0,587.0,44.0,10.0,14.0,117.0,12.0,183.0,193.0,0.948,0.34,0.458,0.61,1.068,97.0,0.393,0.546,0.021,0.15,0.157,-0.007,1.041
2023,div2,CCBC Dundalk,ccbcdundalk,334,676.0,547.0,175.0,210.0,35.0,2.0,27.0,168.0,52.0,7.0,92.0,87.0,330.0,29.0,3.0,5.0,64.0,8.0,84.0,90.0,0.933,0.384,0.49,0.72,1.21,110.0,0.418,0.487,0.04,0.129,0.136,-0.007,1.057
2023,div2,CCBC Essex,ccbcessex,239,632.0,482.0,135.0,146.0,37.0,2.0,10.0,113.0,91.0,15.0,95.0,107.0,217.0,32.0,16.0,7.0,49.0,3.0,102.0,96.0,1.062,0.303,0.432,0.552,0.984,89.0,0.366,0.475,0.016,0.169,0.15,0.019,0.888
2023,div2,Carl Albert State,carlalbertstatecollege,212,649.0,536.0,173.0,184.0,40.0,8.0,26.0,158.0,20.0,5.0,88.0,118.0,318.0,19.0,2.0,4.0,74.0,0.0,0.0,0.0,,0.343,0.448,0.731,1.179,107.0,0.399,0.555,0.04,0.182,0.136,0.046,0.746
2023,div2,Carl Sandburg,carlsandburgcollege,299,902.0,717.0,250.0,269.0,68.0,6.0,39.0,218.0,66.0,5.0,129.0,175.0,466.0,41.0,2.0,13.0,113.0,0.0,0.0,0.0,,0.375,0.487,0.808,1.295,118.0,0.446,0.528,0.043,0.194,0.143,0.051,0.737
2023,div2,Catawba Valley,catawbavalleycommunitycollege,734,2001.0,1604.0,496.0,519.0,90.0,5.0,85.0,461.0,83.0,15.0,275.0,271.0,874.0,97.0,10.0,15.0,180.0,19.0,139.0,84.0,1.655,0.324,0.445,0.657,1.102,100.0,0.344,0.51,0.042,0.135,0.137,-0.002,1.015
2023,div2,Cecil,cecilcollege,280,761.0,623.0,209.0,228.0,51.0,6.0,22.0,179.0,39.0,3.0,93.0,106.0,357.0,28.0,3.0,14.0,79.0,12.0,104.0,143.0,0.727,0.366,0.459,0.7,1.159,105.0,0.405,0.572,0.029,0.139,0.122,0.017,0.877
2023,div2,Chandler-Gilbert,chandlergilbertcommunitycollege,474,1292.0,1032.0,280.0,327.0,61.0,14.0,17.0,223.0,124.0,29.0,163.0,228.0,467.0,47.0,36.0,14.0,92.0,4.0,0.0,0.0,,0.317,0.416,0.542,0.958,87.0,0.387,0.506,0.013,0.176,0.126,0.05,0.715
2023,div2,Chesapeake,chesapeakecollege,156,458.0,356.0,113.0,108.0,31.0,1.0,2.0,86.0,21.0,5.0,58.0,65.0,147.0,26.0,9.0,9.0,34.0,4.0,65.0,94.0,0.691,0.303,0.419,0.508,0.927,84.0,0.356,0.584,0.004,0.142,0.127,0.015,0.892
2023,div2,Clark State,clarkstatecollege,236,574.0,466.0,137.0,139.0,15.0,3.0,3.0,111.0,51.0,1.0,102.0,96.0,169.0,3.0,3.0,0.0,21.0,1.0,9.0,6.0,1.5,0.298,0.425,0.408,0.833,76.0,0.371,0.556,0.005,0.167,0.178,-0.011,1.062
2023,div2,Cleveland,clevelandcommunitycollege,446,1034.0,836.0,233.0,272.0,60.0,16.0,13.0,192.0,114.0,3.0,148.0,176.0,403.0,37.0,1.0,12.0,89.0,1.0,11.0,17.0,0.647,0.325,0.442,0.589,1.031,94.0,0.393,0.495,0.013,0.17,0.143,0.027,0.841
2023,div2,Coahoma,coahomacommunitycollege,82,250.0,223.0,50.0,74.0,14.0,3.0,3.0,44.0,11.0,2.0,15.0,29.0,103.0,8.0,1.0,3.0,20.0,3.0,22.0,12.0,1.833,0.332,0.388,0.552,0.94,85.0,0.366,0.5,0.012,0.116,0.06,0.056,0.517
2023,div2,Copiah-Lincoln,copiahlincolncommunitycollege,180,568.0,464.0,108.0,134.0,24.0,0.0,10.0,85.0,29.0,9.0,90.0,91.0,188.0,9.0,2.0,3.0,34.0,5.0,18.0,12.0,1.5,0.289,0.41,0.478,0.888,81.0,0.339,0.439,0.018,0.16,0.158,0.002,0.989
2023,div2,Cuyahoga,cuyahogacommunitycollege,381,1040.0,858.0,306.0,346.0,79.0,23.0,30.0,264.0,77.0,11.0,133.0,90.0,561.0,33.0,6.0,10.0,132.0,1.0,13.0,12.0,1.083,0.403,0.492,0.808,1.3,118.0,0.422,0.573,0.029,0.087,0.128,-0.041,1.478
2023,div2,Dakota,dakotacollegeatbottineau,52,163.0,130.0,40.0,50.0,9.0,1.0,2.0,33.0,6.0,3.0,25.0,30.0,67.0,3.0,1.0,4.0,12.0,0.0,0.0,0.0,,0.385,0.479,0.608,1.087,99.0,0.471,0.5,0.012,0.184,0.153,0.031,0.833
2023,div2,Dakota County Tech,dakotacountytechnicalcollege,228,661.0,505.0,162.0,177.0,41.0,9.0,9.0,146.0,67.0,9.0,105.0,113.0,263.0,36.0,6.0,9.0,59.0,1.0,8.0,8.0,1.0,0.35,0.481,0.638,1.119,102.0,0.429,0.495,0.014,0.171,0.159,0.012,0.929
2023,div2,Danville Area,danvilleareacommunitycollege,213,662.0,541.0,169.0,180.0,33.0,10.0,11.0,134.0,36.0,1.0,100.0,108.0,266.0,18.0,1.0,2.0,54.0,0.0,0.0,0.0,,0.333,0.45,0.591,1.041,94.0,0.399,0.551,0.017,0.163,0.151,0.012,0.926
2023,div2,Dawson,dawsoncommunitycollege,242,600.0,482.0,161.0,159.0,34.0,11.0,7.0,120.0,83.0,1.0,94.0,65.0,236.0,15.0,4.0,5.0,52.0,7.0,0.0,0.0,,0.33,0.447,0.598,1.045,95.0,0.366,0.59,0.012,0.108,0.157,-0.049,1.446
2023,div2,Delaware Tech,delawaretechnicalcommunitycollege,386,1131.0,920.0,305.0,335.0,56.0,7.0,35.0,278.0,88.0,10.0,151.0,151.0,510.0,41.0,6.0,13.0,98.0,5.0,22.0,25.0,0.88,0.364,0.466,0.661,1.127,102.0,0.402,0.549,0.031,0.134,0.134,0.0,1.0
2023,div2,Des Moines Area,desmoinesareacommunitycollege,418,1224.0,934.0,310.0,324.0,72.0,10.0,46.0,268.0,57.0,10.0,166.0,193.0,554.0,82.0,21.0,21.0,128.0,6.0,69.0,124.0,0.556,0.347,0.467,0.73,1.197,109.0,0.388,0.502,0.038,0.158,0.136,0.022,0.86
2023,div2,Dutchess,dutchesscommunitycollege,32,131.0,113.0,35.0,41.0,13.0,1.0,2.0,35.0,1.0,0.0,15.0,13.0,62.0,2.0,0.0,1.0,16.0,0.0,0.0,0.0,,0.363,0.443,0.69,1.133,103.0,0.394,0.589,0.015,0.099,0.115,-0.016,1.154
2023,div2,East Central (MO),eastcentralcollege,260,690.0,565.0,150.0,175.0,34.0,3.0,10.0,127.0,62.0,10.0,84.0,110.0,245.0,29.0,2.0,10.0,47.0,0.0,0.0,0.0,,0.31,0.417,0.517,0.934,85.0,0.363,0.504,0.014,0.159,0.122,0.037,0.764
2023,div2,East Central (MS),eastcentralcommunitycollege,503,1329.0,1071.0,318.0,365.0,76.0,18.0,29.0,268.0,92.0,27.0,153.0,194.0,564.0,80.0,10.0,15.0,123.0,3.0,10.0,19.0,0.526,0.341,0.45,0.641,1.091,99.0,0.389,0.508,0.022,0.146,0.115,0.031,0.789
2023,div2,East Mississippi,eastmississippicommunitycollege,340,913.0,691.0,205.0,207.0,41.0,10.0,23.0,180.0,37.0,16.0,146.0,199.0,337.0,54.0,11.0,11.0,74.0,5.0,10.0,13.0,0.769,0.3,0.446,0.595,1.041,94.0,0.383,0.474,0.025,0.218,0.16,0.058,0.734
2023,div2,Edison State,edisoncommunitycollege,172,516.0,425.0,125.0,146.0,17.0,7.0,10.0,102.0,41.0,8.0,60.0,84.0,207.0,22.0,8.0,1.0,34.0,1.0,2.0,11.0,0.182,0.344,0.442,0.567,1.009,92.0,0.41,0.528,0.019,0.163,0.116,0.047,0.714
2023,div2,Elgin,elgincommunitycollege,291,695.0,543.0,155.0,155.0,24.0,9.0,12.0,140.0,40.0,8.0,99.0,137.0,233.0,40.0,2.0,11.0,45.0,0.0,0.0,0.0,,0.285,0.423,0.512,0.935,85.0,0.353,0.507,0.017,0.197,0.142,0.055,0.723
2023,div2,Ellsworth,ellsworthcommunitycollege,244,735.0,590.0,232.0,234.0,53.0,10.0,44.0,218.0,42.0,7.0,90.0,89.0,439.0,42.0,2.0,11.0,107.0,1.0,6.0,7.0,0.857,0.397,0.498,0.925,1.423,129.0,0.406,0.584,0.06,0.121,0.122,-0.001,1.011
2023,div2,Fayetteville Tech,fayettevilletechnicalcommunitycollege,316,816.0,642.0,189.0,185.0,29.0,9.0,16.0,153.0,85.0,11.0,124.0,139.0,280.0,29.0,8.0,13.0,54.0,0.0,0.0,0.0,,0.288,0.414,0.52,0.934,85.0,0.338,0.537,0.02,0.17,0.152,0.018,0.892
2023,div2,Florida State Jacksonville,floridastatecollegeatjacksonville,302,513.0,411.0,103.0,130.0,19.0,1.0,6.0,88.0,23.0,14.0,61.0,75.0,169.0,26.0,5.0,10.0,26.0,3.0,29.0,41.0,0.707,0.316,0.423,0.474,0.897,81.0,0.365,0.46,0.012,0.146,0.119,0.027,0.813
2023,div2,Frederick,frederickcommunitycollege,439,1163.0,920.0,320.0,333.0,59.0,14.0,33.0,287.0,75.0,11.0,176.0,159.0,519.0,41.0,3.0,23.0,106.0,14.0,90.0,131.0,0.687,0.362,0.473,0.679,1.152,105.0,0.399,0.555,0.028,0.137,0.151,-0.014,1.107
2023,div2,Garrett,garrettcollege,286,875.0,694.0,195.0,230.0,49.0,1.0,10.0,170.0,78.0,11.0,104.0,167.0,311.0,40.0,12.0,25.0,60.0,1.0,9.0,7.0,1.286,0.331,0.427,0.535,0.962,87.0,0.406,0.508,0.011,0.191,0.119,0.072,0.623
2023,div2,GateWay (AZ),gatewaycommunitycollegeaz,420,1261.0,1021.0,294.0,344.0,57.0,32.0,15.0,246.0,65.0,8.0,147.0,238.0,510.0,72.0,6.0,15.0,104.0,2.0,0.0,0.0,,0.337,0.446,0.601,1.047,95.0,0.42,0.509,0.012,0.189,0.117,0.072,0.618
2023,div2,Glen Oaks,glenoakscommunitycollege,127,409.0,341.0,97.0,122.0,25.0,3.0,6.0,84.0,29.0,6.0,51.0,56.0,171.0,10.0,3.0,4.0,34.0,0.0,0.0,0.0,,0.358,0.447,0.601,1.048,95.0,0.41,0.514,0.015,0.137,0.125,0.012,0.911
2023,div2,Glendale,glendalecommunitycollege,449,1162.0,941.0,248.0,309.0,52.0,25.0,14.0,219.0,78.0,27.0,153.0,179.0,453.0,41.0,8.0,19.0,91.0,6.0,0.0,0.0,,0.328,0.433,0.578,1.011,92.0,0.385,0.479,0.012,0.154,0.132,0.022,0.855
2023,div2,Grand Rapids,grandrapidscommunitycollege,609,1774.0,1461.0,459.0,500.0,109.0,22.0,40.0,363.0,74.0,10.0,251.0,225.0,773.0,34.0,4.0,24.0,171.0,7.0,270.0,355.0,0.761,0.342,0.443,0.646,1.089,99.0,0.377,0.562,0.023,0.127,0.141,-0.014,1.116
2023,div2,Guilford Tech,guilfordtechnicalcommunitycollege,83,291.0,227.0,73.0,82.0,15.0,4.0,3.0,65.0,19.0,3.0,43.0,37.0,114.0,9.0,9.0,3.0,22.0,0.0,0.0,0.0,,0.361,0.46,0.599,1.059,96.0,0.416,0.534,0.01,0.127,0.148,-0.021,1.162
2023,div2,Heartland,heartlandcommunitycollege,634,1767.0,1345.0,603.0,540.0,124.0,21.0,53.0,513.0,125.0,9.0,264.0,222.0,865.0,112.0,11.0,35.0,198.0,3.0,18.0,37.0,0.486,0.401,0.518,0.79,1.308,119.0,0.441,0.637,0.03,0.126,0.149,-0.023,1.189
2023,div2,Henry Ford,henryfordcollege,302,835.0,693.0,178.0,222.0,43.0,11.0,6.0,161.0,77.0,9.0,107.0,130.0,305.0,17.0,3.0,15.0,60.0,3.0,68.0,72.0,0.944,0.32,0.414,0.527,0.941,85.0,0.378,0.506,0.007,0.156,0.128,0.028,0.823
2023,div2,Hesston,hesstoncollege,353,1015.0,808.0,266.0,231.0,57.0,7.0,26.0,200.0,85.0,7.0,119.0,195.0,379.0,68.0,10.0,10.0,90.0,2.0,0.0,0.0,,0.286,0.412,0.582,0.994,90.0,0.343,0.612,0.026,0.192,0.117,0.075,0.61
2023,div2,Highland (IL),highlandcommunitycollegeillinois,328,999.0,825.0,273.0,290.0,49.0,8.0,24.0,214.0,69.0,14.0,145.0,160.0,426.0,22.0,2.0,5.0,81.0,0.0,0.0,0.0,,0.352,0.457,0.616,1.073,97.0,0.412,0.575,0.024,0.16,0.145,0.015,0.906
2023,div2,Hinds,hindscommunitycollege,324,989.0,818.0,246.0,268.0,66.0,5.0,33.0,215.0,38.0,2.0,121.0,141.0,443.0,31.0,4.0,15.0,104.0,7.0,13.0,23.0,0.565,0.328,0.425,0.669,1.094,99.0,0.357,0.55,0.033,0.143,0.122,0.021,0.858
2023,div2,Hocking,hocking,86,233.0,188.0,52.0,58.0,7.0,7.0,4.0,45.0,14.0,4.0,34.0,35.0,91.0,9.0,0.0,2.0,18.0,0.0,12.0,15.0,0.8,0.309,0.433,0.58,1.013,92.0,0.358,0.495,0.017,0.15,0.146,0.004,0.971
2023,div2,Holmes,holmescommunitycollege,108,319.0,261.0,69.0,86.0,16.0,2.0,8.0,55.0,18.0,5.0,43.0,50.0,130.0,11.0,0.0,4.0,26.0,0.0,0.0,0.0,,0.33,0.439,0.598,1.037,94.0,0.377,0.462,0.025,0.157,0.135,0.022,0.86
2023,div2,Illinois Central,illinoiscentralcollege,227,714.0,579.0,168.0,198.0,47.0,4.0,22.0,156.0,16.0,10.0,91.0,135.0,319.0,34.0,4.0,6.0,73.0,8.0,6.0,4.0,1.5,0.342,0.452,0.677,1.129,102.0,0.411,0.485,0.031,0.189,0.127,0.062,0.674
2023,div2,Illinois Valley,illinoisvalleycommunitycollege,110,289.0,247.0,73.0,88.0,16.0,1.0,3.0,66.0,13.0,1.0,42.0,52.0,115.0,0.0,0.0,0.0,20.0,0.0,0.0,0.0,,0.356,0.45,0.547,0.997,90.0,0.443,0.551,0.01,0.18,0.145,0.035,0.808
2023,div2,Iowa Central,iowacentralcommunitycollege,594,1783.0,1395.0,443.0,472.0,98.0,16.0,69.0,396.0,90.0,9.0,304.0,261.0,809.0,57.0,6.0,21.0,183.0,23.0,263.0,318.0,0.827,0.338,0.467,0.711,1.178,107.0,0.371,0.49,0.039,0.146,0.17,-0.024,1.165
2023,div2,Iowa Lakes,iowalakescommunitycollege,48,112.0,96.0,31.0,33.0,6.0,0.0,5.0,22.0,9.0,0.0,10.0,19.0,54.0,4.0,2.0,0.0,11.0,0.0,0.0,0.0,,0.344,0.42,0.677,1.097,100.0,0.389,0.619,0.045,0.17,0.089,0.081,0.526
2023,div2,Itawamba,itawambacommunitycollege,465,1416.0,1159.0,343.0,401.0,69.0,10.0,39.0,301.0,41.0,5.0,172.0,212.0,607.0,59.0,13.0,13.0,118.0,3.0,47.0,48.0,0.979,0.346,0.446,0.626,1.072,97.0,0.393,0.513,0.028,0.15,0.121,0.029,0.811
2023,div2,Ivy Tech Fort Wayne,ivytechcommunitycollegenortheast,332,1048.0,825.0,263.0,280.0,82.0,6.0,17.0,220.0,74.0,6.0,131.0,159.0,425.0,50.0,24.0,18.0,105.0,0.0,0.0,0.0,,0.339,0.44,0.642,1.082,98.0,0.394,0.554,0.016,0.152,0.125,0.027,0.824
2023,div2,Jackson,jacksoncollege,360,1038.0,808.0,268.0,265.0,67.0,7.0,13.0,237.0,88.0,11.0,151.0,139.0,385.0,52.0,11.0,16.0,87.0,7.0,64.0,56.0,1.143,0.328,0.451,0.584,1.035,94.0,0.375,0.56,0.013,0.134,0.145,-0.011,1.086
2023,div2,John Wood,johnwoodcommunitycollege,419,1227.0,966.0,333.0,348.0,74.0,13.0,47.0,303.0,72.0,6.0,188.0,224.0,589.0,42.0,17.0,14.0,134.0,0.0,0.0,0.0,,0.36,0.471,0.748,1.219,111.0,0.425,0.539,0.038,0.183,0.153,0.03,0.839
2023,div2,Jones,jonescollege,444,1353.0,1019.0,320.0,332.0,61.0,8.0,28.0,266.0,74.0,13.0,208.0,191.0,493.0,71.0,25.0,30.0,97.0,16.0,200.0,212.0,0.943,0.326,0.452,0.579,1.031,94.0,0.366,0.501,0.021,0.141,0.154,-0.013,1.089
2023,div2,Kalamazoo Valley,kalamazoovalleycommunitycollege,275,806.0,644.0,220.0,224.0,56.0,6.0,21.0,184.0,52.0,11.0,103.0,106.0,355.0,42.0,6.0,11.0,83.0,0.0,0.0,0.0,,0.348,0.458,0.68,1.138,103.0,0.384,0.572,0.026,0.132,0.128,0.004,0.972
2023,div2,Kankakee,kankakeecommunitycollege,406,1181.0,965.0,242.0,302.0,64.0,16.0,30.0,199.0,48.0,11.0,129.0,230.0,488.0,37.0,34.0,16.0,110.0,3.0,0.0,0.0,,0.313,0.396,0.62,1.016,92.0,0.377,0.484,0.025,0.195,0.109,0.086,0.561
2023,div2,Kellogg,kelloggcommunitycollege,453,1248.0,959.0,377.0,350.0,73.0,11.0,29.0,327.0,82.0,14.0,224.0,130.0,532.0,41.0,4.0,20.0,113.0,10.0,7.0,8.0,0.875,0.365,0.493,0.673,1.166,106.0,0.391,0.594,0.023,0.104,0.179,-0.075,1.723
2023,div2,Kirkwood,kirkwoodcommunitycollege,513,1437.0,1124.0,427.0,423.0,91.0,9.0,74.0,394.0,59.0,4.0,248.0,295.0,754.0,45.0,0.0,20.0,174.0,1.0,6.0,7.0,0.857,0.376,0.498,0.826,1.324,120.0,0.45,0.55,0.051,0.205,0.173,0.032,0.841
2023,div2,LSU Eunice,louisianastateuniversityeunice,747,1937.0,1444.0,506.0,482.0,94.0,18.0,50.0,437.0,145.0,32.0,359.0,325.0,762.0,85.0,14.0,35.0,162.0,7.0,72.0,124.0,0.581,0.334,0.478,0.64,1.118,101.0,0.391,0.521,0.026,0.168,0.185,-0.017,1.105
2023,div2,Lackawanna,lackawannacollege,490,1335.0,1036.0,405.0,398.0,84.0,24.0,38.0,363.0,123.0,9.0,221.0,156.0,644.0,52.0,3.0,23.0,146.0,0.0,167.0,253.0,0.66,0.384,0.503,0.763,1.266,115.0,0.416,0.58,0.028,0.117,0.166,-0.049,1.417
2023,div2,Lake County,collegeoflakecounty,336,964.0,784.0,249.0,275.0,44.0,20.0,10.0,208.0,67.0,12.0,96.0,138.0,389.0,56.0,14.0,14.0,74.0,2.0,0.0,0.0,,0.351,0.443,0.591,1.034,94.0,0.408,0.573,0.01,0.143,0.1,0.043,0.696
2023,div2,Lake Michigan,lakemichigancollege,56,182.0,151.0,44.0,50.0,14.0,0.0,3.0,26.0,3.0,1.0,21.0,25.0,73.0,7.0,1.0,2.0,17.0,0.0,0.0,0.0,,0.331,0.429,0.596,1.025,93.0,0.376,0.547,0.016,0.137,0.115,0.022,0.84
2023,div2,Lake Region State,lakeregionstatecollegend,181,589.0,460.0,158.0,170.0,28.0,9.0,18.0,142.0,26.0,4.0,87.0,91.0,270.0,29.0,4.0,9.0,55.0,6.0,5.0,9.0,0.556,0.37,0.486,0.707,1.193,108.0,0.422,0.522,0.031,0.154,0.148,0.006,0.956
2023,div2,Lake-Sumter State,lakesumterstatecollege,244,741.0,582.0,140.0,162.0,26.0,6.0,6.0,117.0,73.0,11.0,116.0,132.0,218.0,24.0,7.0,12.0,38.0,9.0,114.0,138.0,0.826,0.278,0.408,0.44,0.848,77.0,0.342,0.453,0.008,0.178,0.157,0.021,0.879
2023,div2,Lakeland,lakelandcommunitycollege,110,332.0,271.0,90.0,99.0,13.0,3.0,2.0,77.0,5.0,0.0,43.0,52.0,124.0,13.0,5.0,0.0,18.0,0.0,0.0,0.0,,0.365,0.467,0.524,0.991,90.0,0.447,0.575,0.006,0.157,0.13,0.027,0.827
2023,div2,Lansing,lansingcommunitycollege,520,1555.0,1217.0,472.0,497.0,106.0,5.0,56.0,425.0,158.0,13.0,250.0,188.0,781.0,67.0,0.0,21.0,167.0,1.0,10.0,11.0,0.909,0.408,0.523,0.779,1.302,118.0,0.444,0.549,0.036,0.121,0.161,-0.04,1.33
2023,div2,Lehigh Carbon,lehighcarboncommunitycollege,96,332.0,248.0,96.0,95.0,15.0,7.0,6.0,87.0,18.0,3.0,64.0,30.0,142.0,11.0,2.0,7.0,28.0,2.0,0.0,0.0,,0.383,0.512,0.685,1.197,109.0,0.406,0.549,0.018,0.09,0.193,-0.103,2.133
2023,div2,Lenoir,lenoircommunitycollege,504,1236.0,985.0,283.0,326.0,56.0,6.0,33.0,239.0,97.0,17.0,185.0,201.0,493.0,28.0,21.0,17.0,95.0,17.0,150.0,183.0,0.82,0.331,0.436,0.597,1.033,94.0,0.382,0.494,0.027,0.163,0.15,0.013,0.92
2023,div2,Lewis & Clark,lewisclarkcommunitycollege,382,1103.0,884.0,268.0,283.0,74.0,9.0,16.0,233.0,74.0,8.0,157.0,153.0,423.0,40.0,1.0,21.0,99.0,0.0,0.0,0.0,,0.32,0.435,0.59,1.025,93.0,0.363,0.543,0.015,0.139,0.142,-0.003,1.026
2023,div2,Lincoln Land,lincolnlandcommunitycollege,313,914.0,716.0,216.0,224.0,57.0,4.0,21.0,184.0,52.0,9.0,140.0,167.0,352.0,45.0,6.0,7.0,82.0,6.0,0.0,0.0,,0.313,0.447,0.606,1.053,96.0,0.379,0.503,0.023,0.183,0.153,0.03,0.838
2023,div2,Macomb,macombcommunitycollege,174,425.0,333.0,94.0,91.0,23.0,4.0,9.0,78.0,18.0,0.0,60.0,75.0,149.0,24.0,2.0,6.0,36.0,2.0,26.0,37.0,0.703,0.273,0.412,0.556,0.968,88.0,0.322,0.512,0.021,0.176,0.141,0.035,0.8
2023,div2,Madison,madisoncollege,507,1536.0,1199.0,365.0,393.0,65.0,13.0,10.0,297.0,85.0,10.0,211.0,198.0,514.0,70.0,31.0,25.0,88.0,0.0,0.0,0.0,,0.328,0.439,0.502,0.941,85.0,0.377,0.535,0.007,0.129,0.137,-0.008,1.066
2023,div2,Marian-Ancilla,ancillacollege,106,306.0,267.0,65.0,83.0,19.0,1.0,1.0,44.0,18.0,2.0,31.0,61.0,107.0,4.0,0.0,4.0,21.0,0.0,0.0,0.0,,0.311,0.386,0.479,0.865,78.0,0.392,0.547,0.003,0.199,0.101,0.098,0.508
2023,div2,McHenry County,mchenrycountycollege,550,1753.0,1450.0,489.0,540.0,109.0,20.0,53.0,438.0,91.0,10.0,217.0,231.0,848.0,65.0,2.0,19.0,182.0,2.0,4.0,6.0,0.667,0.372,0.469,0.71,1.179,107.0,0.411,0.567,0.03,0.132,0.124,0.008,0.939
2023,div2,Mercer County,mercercountycommunitycollege,350,1126.0,907.0,280.0,304.0,64.0,10.0,13.0,208.0,42.0,11.0,158.0,155.0,427.0,42.0,3.0,16.0,87.0,12.0,179.0,197.0,0.909,0.335,0.448,0.567,1.015,92.0,0.385,0.544,0.012,0.138,0.14,-0.002,1.019
2023,div2,Meridian,meridiancommunitycollege,526,1417.0,1135.0,387.0,422.0,85.0,18.0,47.0,320.0,118.0,18.0,169.0,167.0,684.0,78.0,11.0,24.0,150.0,6.0,30.0,19.0,1.579,0.372,0.472,0.735,1.207,110.0,0.397,0.547,0.033,0.118,0.119,-0.001,1.012
2023,div2,Mesa,mesacommunitycollege,346,894.0,734.0,181.0,233.0,58.0,14.0,4.0,138.0,39.0,3.0,110.0,128.0,331.0,32.0,18.0,0.0,76.0,0.0,0.0,0.0,,0.317,0.419,0.554,0.973,88.0,0.38,0.477,0.004,0.143,0.123,0.02,0.859
2023,div2,Mid Michigan,midmichigancollege,329,914.0,781.0,230.0,289.0,77.0,16.0,11.0,213.0,38.0,7.0,93.0,164.0,431.0,24.0,1.0,15.0,104.0,2.0,15.0,15.0,1.0,0.37,0.444,0.685,1.129,102.0,0.448,0.554,0.012,0.179,0.102,0.077,0.567
2023,div2,Miles,milescommunitycollege,471,1169.0,860.0,359.0,302.0,54.0,14.0,27.0,278.0,149.0,15.0,212.0,169.0,465.0,94.0,1.0,2.0,95.0,0.0,3.0,8.0,0.375,0.351,0.52,0.651,1.171,106.0,0.413,0.571,0.023,0.145,0.181,-0.036,1.254
2023,div2,Mississippi Delta,mississippideltacommunitycollege,194,503.0,399.0,130.0,146.0,24.0,4.0,14.0,112.0,25.0,11.0,65.0,87.0,220.0,29.0,4.0,6.0,42.0,6.0,74.0,64.0,1.156,0.366,0.477,0.657,1.134,103.0,0.434,0.513,0.028,0.173,0.129,0.044,0.747
2023,div2,Mississippi Gulf Coast,mississippigulfcoastcommunitycollege,252,702.0,553.0,169.0,195.0,41.0,0.0,25.0,148.0,46.0,14.0,102.0,110.0,311.0,25.0,14.0,8.0,66.0,8.0,11.0,7.0,1.571,0.353,0.459,0.682,1.141,104.0,0.399,0.485,0.036,0.157,0.145,0.012,0.927
2023,div2,Moberly Area,moberlyareacommunitycollege,57,152.0,124.0,32.0,37.0,9.0,1.0,3.0,27.0,8.0,4.0,21.0,23.0,57.0,6.0,0.0,1.0,13.0,0.0,1.0,1.0,1.0,0.298,0.421,0.565,0.986,89.0,0.343,0.475,0.02,0.151,0.138,0.013,0.913
2023,div2,Monroe CC,monroecommunitycollege,189,535.0,427.0,128.0,151.0,24.0,12.0,4.0,110.0,52.0,10.0,69.0,75.0,211.0,21.0,9.0,9.0,40.0,3.0,80.0,83.0,0.964,0.354,0.45,0.588,1.038,94.0,0.412,0.523,0.007,0.14,0.129,0.011,0.92
2023,div2,Montgomery,montgomerycollegemd,374,1055.0,861.0,291.0,316.0,35.0,9.0,42.0,261.0,31.0,2.0,123.0,163.0,495.0,46.0,13.0,12.0,86.0,0.0,18.0,14.0,1.286,0.367,0.46,0.675,1.135,103.0,0.41,0.562,0.04,0.155,0.117,0.038,0.755
2023,div2,Moraine Valley,morainevalleycommunitycollege,115,363.0,292.0,93.0,91.0,23.0,3.0,4.0,75.0,17.0,1.0,49.0,63.0,132.0,21.0,1.0,0.0,30.0,0.0,0.0,0.0,,0.312,0.444,0.555,0.999,91.0,0.387,0.567,0.011,0.174,0.135,0.039,0.778
2023,div2,Morris,countycollegeofmorris,331,851.0,670.0,196.0,230.0,44.0,8.0,21.0,153.0,80.0,6.0,130.0,132.0,353.0,39.0,1.0,11.0,73.0,1.0,13.0,11.0,1.182,0.343,0.469,0.636,1.105,100.0,0.396,0.463,0.025,0.155,0.153,0.002,0.985
2023,div2,Morton,mortoncollege,404,1256.0,991.0,405.0,408.0,73.0,7.0,55.0,373.0,43.0,3.0,185.0,174.0,660.0,57.0,2.0,21.0,135.0,0.0,0.0,0.0,,0.412,0.518,0.802,1.32,120.0,0.451,0.588,0.044,0.139,0.147,-0.008,1.063
2023,div2,Mott,mottcommunitycollege,222,621.0,491.0,141.0,160.0,26.0,2.0,15.0,122.0,44.0,2.0,92.0,97.0,235.0,27.0,1.0,10.0,43.0,6.0,65.0,64.0,1.016,0.326,0.449,0.566,1.015,92.0,0.373,0.477,0.024,0.156,0.148,0.008,0.948
2023,div2,Murray State,murraystatecollege,562,1706.0,1338.0,448.0,505.0,109.0,16.0,65.0,405.0,79.0,17.0,250.0,233.0,841.0,62.0,25.0,31.0,190.0,0.0,0.0,0.0,,0.377,0.479,0.771,1.25,113.0,0.411,0.509,0.038,0.137,0.147,-0.01,1.073
2023,div2,Muskegon,muskegoncommunitycollege,269,774.0,605.0,235.0,250.0,49.0,3.0,27.0,193.0,151.0,10.0,97.0,100.0,386.0,40.0,15.0,17.0,79.0,3.0,20.0,23.0,0.87,0.413,0.5,0.769,1.269,115.0,0.451,0.578,0.035,0.129,0.125,0.004,0.97
2023,div2,National Park,nationalparkcollege,227,668.0,514.0,158.0,168.0,39.0,4.0,19.0,143.0,30.0,5.0,112.0,115.0,272.0,31.0,3.0,8.0,62.0,5.0,0.0,0.0,,0.327,0.466,0.65,1.116,101.0,0.384,0.476,0.028,0.172,0.168,0.004,0.974
2023,div2,North Central Missouri,northcentralmissouricollege,289,823.0,659.0,198.0,226.0,36.0,3.0,13.0,161.0,63.0,12.0,108.0,112.0,307.0,39.0,10.0,7.0,52.0,1.0,0.0,0.0,,0.343,0.453,0.545,0.998,91.0,0.394,0.514,0.016,0.136,0.131,0.005,0.964
2023,div2,North Iowa Area,northiowaareacommunitycollege,311,971.0,781.0,263.0,287.0,66.0,7.0,63.0,232.0,38.0,13.0,128.0,176.0,556.0,35.0,13.0,14.0,136.0,60.0,129.0,142.0,0.908,0.367,0.463,0.886,1.349,122.0,0.403,0.517,0.065,0.181,0.132,0.049,0.727
2023,div2,Northeast,northeastcommunitycollege,473,1339.0,1110.0,363.0,397.0,92.0,18.0,35.0,304.0,104.0,10.0,168.0,199.0,630.0,46.0,5.0,10.0,145.0,7.0,9.0,5.0,1.8,0.358,0.456,0.698,1.154,105.0,0.409,0.569,0.026,0.149,0.125,0.024,0.844
2023,div2,Northeast Mississippi,northeastmississippicommunitycollege,431,1321.0,1005.0,347.0,355.0,69.0,14.0,35.0,309.0,72.0,9.0,206.0,222.0,557.0,74.0,10.0,26.0,118.0,13.0,193.0,236.0,0.818,0.353,0.481,0.672,1.153,105.0,0.413,0.52,0.026,0.168,0.156,0.012,0.928
2023,div2,Northern Oklahoma Enid,northernoklahomacollegeenid,317,907.0,730.0,261.0,288.0,64.0,10.0,22.0,232.0,49.0,3.0,118.0,133.0,438.0,45.0,0.0,14.0,96.0,0.0,0.0,0.0,,0.395,0.497,0.732,1.229,112.0,0.452,0.557,0.024,0.147,0.13,0.017,0.887
2023,div2,Northern Oklahoma Tonkawa,northernoklahomacollegetonkawa,485,1429.0,1183.0,371.0,441.0,101.0,15.0,37.0,327.0,71.0,17.0,152.0,195.0,683.0,94.0,0.0,0.0,153.0,0.0,0.0,0.0,,0.373,0.481,0.707,1.188,108.0,0.425,0.514,0.026,0.136,0.106,0.03,0.779
2023,div2,Northwest Mississippi,northwestmississippicommunitycollege,295,783.0,660.0,157.0,200.0,41.0,10.0,19.0,133.0,41.0,9.0,85.0,131.0,318.0,23.0,4.0,11.0,70.0,4.0,79.0,115.0,0.687,0.303,0.393,0.588,0.981,89.0,0.347,0.478,0.024,0.167,0.109,0.058,0.649
2023,div2,Orange County,orangecountycommunitycollege,65,205.0,170.0,54.0,64.0,13.0,0.0,1.0,48.0,21.0,5.0,24.0,20.0,80.0,10.0,0.0,1.0,14.0,1.0,7.0,5.0,1.4,0.376,0.478,0.553,1.031,94.0,0.42,0.546,0.005,0.098,0.117,-0.019,1.2
2023,div2,Palm Beach State,palmbeachstatecollege,335,1094.0,937.0,245.0,330.0,69.0,4.0,27.0,218.0,37.0,14.0,112.0,130.0,488.0,24.0,6.0,15.0,100.0,8.0,34.0,49.0,0.694,0.352,0.426,0.628,1.054,96.0,0.381,0.497,0.025,0.119,0.102,0.017,0.862
2023,div2,Paradise Valley,paradisevalleycommunitycollege,449,1206.0,994.0,261.0,316.0,56.0,7.0,12.0,213.0,56.0,22.0,152.0,153.0,422.0,36.0,8.0,16.0,75.0,23.0,0.0,0.0,,0.318,0.418,0.5,0.918,83.0,0.36,0.506,0.01,0.127,0.126,0.001,0.993
2023,div2,Parkland,parklandcollege,531,1448.0,1184.0,376.0,429.0,93.0,18.0,51.0,340.0,111.0,18.0,206.0,311.0,711.0,34.0,1.0,23.0,162.0,0.0,5.0,12.0,0.417,0.362,0.462,0.737,1.199,109.0,0.447,0.526,0.035,0.215,0.142,0.073,0.662
2023,div2,Pasco-Hernando State,pascohernandostatecollege,511,1503.0,1224.0,351.0,395.0,75.0,5.0,41.0,312.0,49.0,10.0,212.0,268.0,603.0,42.0,5.0,20.0,121.0,0.0,28.0,35.0,0.8,0.323,0.432,0.592,1.024,93.0,0.379,0.51,0.027,0.178,0.141,0.037,0.791
2023,div2,Patrick & Henry,patrickhenrycommunitycollege,329,857.0,673.0,197.0,204.0,35.0,11.0,14.0,169.0,109.0,12.0,152.0,183.0,303.0,24.0,4.0,4.0,60.0,9.0,93.0,78.0,1.192,0.303,0.443,0.539,0.982,89.0,0.396,0.5,0.016,0.214,0.177,0.037,0.831
2023,div2,Pearl River,pearlrivercommunitycollege,582,1602.0,1251.0,420.0,429.0,95.0,16.0,51.0,354.0,111.0,35.0,250.0,275.0,709.0,77.0,6.0,18.0,162.0,13.0,59.0,77.0,0.766,0.343,0.472,0.696,1.168,106.0,0.401,0.523,0.032,0.172,0.156,0.016,0.909
2023,div2,Phoenix,phoenixcollege,341,852.0,672.0,185.0,212.0,47.0,6.0,11.0,164.0,95.0,15.0,135.0,134.0,304.0,24.0,9.0,12.0,64.0,9.0,214.0,172.0,1.244,0.315,0.435,0.548,0.983,89.0,0.373,0.483,0.013,0.157,0.158,-0.001,1.007
2023,div2,Pitt,pittcommunitycollege,356,1022.0,806.0,238.0,247.0,51.0,4.0,42.0,206.0,49.0,10.0,143.0,196.0,432.0,53.0,9.0,11.0,97.0,1.0,6.0,13.0,0.462,0.306,0.433,0.656,1.089,99.0,0.354,0.489,0.041,0.192,0.14,0.052,0.73
2023,div2,Prairie State,prairiestatecollege,166,410.0,323.0,95.0,98.0,17.0,1.0,4.0,70.0,37.0,5.0,54.0,50.0,129.0,21.0,8.0,4.0,22.0,0.0,0.0,0.0,,0.303,0.422,0.467,0.889,81.0,0.344,0.538,0.01,0.122,0.132,-0.01,1.08
2023,div2,Raritan Valley,raritanvalleycommunitycollege,32,104.0,84.0,29.0,30.0,3.0,3.0,3.0,23.0,5.0,0.0,14.0,15.0,48.0,5.0,0.0,1.0,9.0,1.0,15.0,10.0,1.5,0.357,0.471,0.679,1.15,104.0,0.403,0.565,0.029,0.144,0.135,0.009,0.933
2023,div2,Redlands,redlandscommunitycollege,274,801.0,632.0,194.0,217.0,33.0,14.0,11.0,167.0,58.0,6.0,111.0,136.0,311.0,34.0,6.0,18.0,58.0,3.0,0.0,0.0,,0.343,0.452,0.584,1.036,94.0,0.41,0.521,0.014,0.17,0.139,0.031,0.816
2023,div2,Richard Bland,richardblandcollege,103,302.0,248.0,77.0,90.0,21.0,2.0,12.0,67.0,9.0,3.0,30.0,60.0,151.0,17.0,5.0,2.0,35.0,0.0,0.0,0.0,,0.363,0.454,0.75,1.204,109.0,0.438,0.52,0.04,0.199,0.099,0.1,0.5
2023,div2,Rock Valley,rockvalleycollege,407,1058.0,848.0,266.0,286.0,66.0,12.0,27.0,232.0,99.0,17.0,159.0,177.0,455.0,41.0,2.0,8.0,105.0,9.0,0.0,0.0,,0.337,0.459,0.663,1.122,102.0,0.397,0.521,0.026,0.167,0.15,0.017,0.898
2023,div2,Rockland,rocklandcommunitycollege,262,814.0,650.0,199.0,217.0,45.0,5.0,5.0,172.0,55.0,6.0,110.0,67.0,287.0,39.0,7.0,8.0,55.0,0.0,0.0,0.0,,0.334,0.45,0.526,0.976,89.0,0.362,0.537,0.006,0.082,0.135,-0.053,1.642
2023,div2,Sauk Valley,saukvalleycommunitycollege,207,539.0,439.0,138.0,142.0,31.0,8.0,6.0,112.0,26.0,8.0,76.0,79.0,207.0,20.0,1.0,3.0,45.0,0.0,0.0,0.0,,0.323,0.442,0.574,1.016,92.0,0.381,0.569,0.011,0.147,0.141,0.006,0.962
2023,div2,Schoolcraft,schoolcraftcollege,331,925.0,704.0,223.0,242.0,39.0,16.0,8.0,193.0,61.0,6.0,141.0,155.0,337.0,46.0,15.0,19.0,63.0,14.0,134.0,162.0,0.827,0.344,0.464,0.568,1.032,94.0,0.418,0.511,0.009,0.168,0.152,0.016,0.91
2023,div2,Scottsdale,scottsdalecommunitycollege,266,779.0,649.0,158.0,204.0,34.0,10.0,8.0,133.0,20.0,10.0,90.0,146.0,282.0,23.0,8.0,9.0,52.0,0.0,0.0,0.0,,0.314,0.407,0.515,0.922,84.0,0.389,0.485,0.01,0.187,0.116,0.071,0.616
2023,div2,South Arkansas,southarkansascommunitycollege,575,1604.0,1295.0,421.0,451.0,97.0,20.0,69.0,378.0,59.0,5.0,195.0,271.0,795.0,91.0,4.0,19.0,186.0,0.0,0.0,0.0,,0.348,0.459,0.758,1.217,110.0,0.392,0.527,0.043,0.169,0.122,0.047,0.72
2023,div2,South Florida State,southfloridastatecollege,392,1133.0,879.0,278.0,291.0,48.0,13.0,29.0,243.0,55.0,14.0,186.0,168.0,452.0,37.0,15.0,16.0,90.0,7.0,19.0,26.0,0.731,0.331,0.454,0.617,1.071,97.0,0.375,0.513,0.026,0.148,0.164,-0.016,1.107
2023,div2,Southeastern,southeasterncommunitycollege,571,1734.0,1304.0,499.0,486.0,122.0,13.0,44.0,432.0,70.0,10.0,225.0,227.0,766.0,152.0,21.0,32.0,179.0,0.0,0.0,0.0,,0.373,0.498,0.725,1.223,111.0,0.415,0.556,0.025,0.131,0.13,0.001,0.991
2023,div2,Southeastern-Whiteville,southeasterncommunitycollegewhitevill,166,492.0,399.0,109.0,124.0,27.0,4.0,11.0,102.0,24.0,4.0,62.0,82.0,192.0,20.0,3.0,8.0,42.0,0.0,0.0,0.0,,0.311,0.419,0.586,1.005,91.0,0.36,0.503,0.022,0.167,0.126,0.041,0.756
2023,div2,Southern Maryland,collegeofsouthernmaryland,246,612.0,477.0,166.0,180.0,35.0,7.0,9.0,143.0,39.0,2.0,87.0,77.0,256.0,23.0,17.0,8.0,51.0,1.0,48.0,62.0,0.774,0.377,0.474,0.644,1.118,101.0,0.429,0.559,0.015,0.126,0.142,-0.016,1.13
2023,div2,Southwest Mississippi,southwestmississippicommunitycollege,288,824.0,667.0,195.0,210.0,38.0,2.0,13.0,158.0,67.0,20.0,104.0,137.0,291.0,44.0,5.0,4.0,53.0,6.0,7.0,6.0,1.167,0.315,0.434,0.516,0.95,86.0,0.378,0.528,0.016,0.166,0.126,0.04,0.759
2023,div2,Southwest Virginia,southwestvirginia,109,310.0,239.0,71.0,71.0,19.0,1.0,7.0,61.0,21.0,4.0,51.0,51.0,113.0,12.0,4.0,4.0,27.0,0.0,0.0,0.0,,0.297,0.432,0.586,1.018,92.0,0.346,0.504,0.023,0.165,0.165,0.0,1.0
2023,div2,Spoon River,spoonrivercollege,222,633.0,473.0,182.0,147.0,35.0,4.0,17.0,146.0,80.0,0.0,130.0,123.0,241.0,26.0,0.0,4.0,56.0,0.0,0.0,0.0,,0.311,0.479,0.628,1.107,100.0,0.386,0.577,0.027,0.194,0.205,-0.011,1.057
2023,div2,St. Clair County,stclaircountycommunitycollege,149,404.0,345.0,74.0,99.0,18.0,2.0,4.0,55.0,15.0,4.0,45.0,80.0,133.0,4.0,7.0,3.0,24.0,6.0,24.0,24.0,1.0,0.287,0.366,0.455,0.821,75.0,0.36,0.486,0.01,0.198,0.111,0.087,0.562
2023,div2,Sullivan County,sullivancountycommunitycollege,248,674.0,567.0,170.0,203.0,38.0,5.0,14.0,158.0,59.0,3.0,84.0,88.0,293.0,20.0,1.0,2.0,57.0,0.0,0.0,0.0,,0.358,0.455,0.617,1.072,97.0,0.405,0.532,0.021,0.131,0.125,0.006,0.955
2023,div2,Sussex County,sussexcountycommunitycollege,341,1036.0,813.0,260.0,289.0,42.0,18.0,10.0,226.0,76.0,5.0,159.0,144.0,397.0,26.0,22.0,16.0,70.0,1.0,7.0,13.0,0.538,0.355,0.458,0.574,1.032,94.0,0.413,0.539,0.01,0.139,0.153,-0.014,1.104
2023,div2,UA Rich Mountain,uarichmountain,352,1005.0,806.0,292.0,294.0,62.0,7.0,33.0,259.0,87.0,13.0,131.0,132.0,469.0,49.0,7.0,12.0,102.0,9.0,0.0,0.0,,0.365,0.472,0.708,1.18,107.0,0.4,0.587,0.033,0.131,0.13,0.001,0.992
2023,div2,UConn Avery Point,universityofconnecticutataverypoint,301,934.0,708.0,209.0,200.0,40.0,2.0,17.0,173.0,68.0,6.0,183.0,131.0,295.0,26.0,6.0,11.0,59.0,2.0,47.0,49.0,0.959,0.282,0.438,0.5,0.938,85.0,0.32,0.49,0.018,0.14,0.196,-0.056,1.397
2023,div2,Vincennes,vincennesuniversity,318,794.0,644.0,208.0,231.0,43.0,4.0,11.0,176.0,37.0,10.0,89.0,119.0,315.0,37.0,13.0,11.0,58.0,4.0,117.0,165.0,0.709,0.359,0.45,0.579,1.029,93.0,0.419,0.569,0.014,0.15,0.112,0.038,0.748
2023,div2,Wake Tech,waketechnicalcommunitycollege,286,685.0,534.0,188.0,171.0,47.0,9.0,10.0,147.0,94.0,15.0,112.0,118.0,266.0,30.0,0.0,9.0,66.0,2.0,18.0,19.0,0.947,0.32,0.457,0.622,1.079,98.0,0.388,0.587,0.015,0.172,0.164,0.008,0.949
2023,div2,Westchester,westchestercommunitycollege,523,1588.0,1229.0,473.0,445.0,113.0,12.0,17.0,394.0,127.0,21.0,241.0,248.0,633.0,91.0,4.0,23.0,142.0,2.0,44.0,48.0,0.917,0.362,0.489,0.631,1.12,102.0,0.434,0.6,0.011,0.156,0.152,0.004,0.972
2023,div2,Western Oklahoma State,westernoklahomastatecollege,506,1511.0,1258.0,420.0,507.0,104.0,7.0,92.0,380.0,74.0,13.0,191.0,214.0,901.0,47.0,3.0,12.0,203.0,33.0,0.0,0.0,,0.403,0.493,0.878,1.371,124.0,0.43,0.502,0.061,0.142,0.126,0.016,0.893
2023,div2,Williston State,willistonstatecollege,367,1097.0,865.0,264.0,285.0,53.0,8.0,25.0,231.0,75.0,3.0,153.0,139.0,429.0,46.0,21.0,12.0,86.0,0.0,0.0,0.0,,0.329,0.441,0.595,1.036,94.0,0.365,0.521,0.023,0.127,0.139,-0.012,1.101
2023,div3,Anoka-Ramsey,anokaramseycommunitycollege,114,365.0,306.0,97.0,114.0,28.0,0.0,6.0,84.0,4.0,1.0,38.0,61.0,160.0,13.0,3.0,5.0,34.0,3.0,10.0,16.0,0.625,0.373,0.452,0.634,1.086,96.0,0.443,0.572,0.016,0.167,0.104,0.063,0.623
2023,div3,Atlantic Cape,atlanticcapecommunitycollege,163,498.0,417.0,110.0,131.0,25.0,3.0,6.0,88.0,28.0,10.0,62.0,89.0,180.0,15.0,0.0,4.0,34.0,5.0,0.0,0.0,,0.314,0.418,0.513,0.931,82.0,0.383,0.515,0.012,0.179,0.124,0.055,0.697
2023,div3,Bergen,bergencommunitycollege,226,698.0,526.0,221.0,211.0,49.0,11.0,14.0,194.0,66.0,5.0,130.0,94.0,324.0,30.0,2.0,10.0,74.0,1.0,8.0,5.0,1.6,0.401,0.532,0.757,1.289,113.0,0.46,0.58,0.02,0.135,0.186,-0.051,1.383
2023,div3,Borough of Manhattan,boroughofmanhattancommunitycollege,22,84.0,74.0,23.0,29.0,9.0,1.0,0.0,18.0,21.0,1.0,5.0,19.0,40.0,3.0,2.0,0.0,10.0,0.0,0.0,0.0,,0.392,0.44,0.676,1.116,98.0,0.527,0.622,0.0,0.226,0.06,0.166,0.263
2023,div3,Bronx,bronxcommunitycollege,91,351.0,275.0,124.0,107.0,19.0,10.0,3.0,105.0,37.0,3.0,56.0,40.0,155.0,19.0,0.0,1.0,32.0,3.0,11.0,13.0,0.846,0.389,0.519,0.68,1.199,106.0,0.446,0.676,0.009,0.114,0.16,-0.046,1.4
2023,div3,Brookdale,brookdalecommunitycollege,407,1159.0,901.0,329.0,333.0,62.0,19.0,30.0,260.0,79.0,12.0,192.0,185.0,522.0,45.0,20.0,1.0,111.0,13.0,0.0,0.0,,0.37,0.492,0.704,1.196,105.0,0.441,0.554,0.026,0.16,0.166,-0.006,1.038
2023,div3,Bunker Hill,bunkerhillcommunitycollege,5,0.0,0.0,0.0,0.0,0.0,0.0,0.0,0.0,0.0,0.0,0.0,0.0,0.0,0.0,0.0,0.0,0.0,0.0,0.0,0.0,,,,,,,,,,,,,
2023,div3,CC of Allegheny County,ccofalleghenycounty,178,563.0,442.0,180.0,200.0,44.0,13.0,3.0,168.0,84.0,5.0,77.0,74.0,277.0,36.0,0.0,8.0,60.0,0.0,14.0,14.0,1.0,0.452,0.556,0.767,1.323,116.0,0.528,0.571,0.005,0.131,0.137,-0.006,1.041
2023,div3,Caldwell Tech,caldwellcommunitycollegetechnicali,490,1591.0,1210.0,464.0,431.0,99.0,6.0,63.0,394.0,77.0,9.0,279.0,272.0,731.0,70.0,5.0,27.0,168.0,9.0,14.0,16.0,0.875,0.356,0.49,0.743,1.233,109.0,0.408,0.559,0.04,0.171,0.175,-0.004,1.026
2023,div3,Camp,campcommunitycollege,426,1287.0,1031.0,304.0,348.0,59.0,13.0,38.0,272.0,140.0,39.0,182.0,228.0,547.0,54.0,5.0,15.0,110.0,1.0,2.0,7.0,0.286,0.338,0.454,0.637,1.091,96.0,0.397,0.487,0.03,0.177,0.141,0.036,0.798
2023,div3,Cayuga,cayugacommunitycollege,344,1005.0,805.0,281.0,299.0,74.0,17.0,13.0,236.0,60.0,6.0,133.0,128.0,446.0,53.0,0.0,14.0,104.0,1.0,31.0,24.0,1.292,0.371,0.483,0.683,1.166,103.0,0.422,0.568,0.013,0.127,0.132,-0.005,1.039
2023,div3,Central Lakes,centrallakescollegebrainerd,189,581.0,459.0,141.0,154.0,34.0,7.0,10.0,134.0,39.0,2.0,78.0,86.0,232.0,32.0,0.0,12.0,51.0,0.0,75.0,98.0,0.765,0.336,0.454,0.617,1.071,94.0,0.384,0.516,0.017,0.148,0.134,0.014,0.907
2023,div3,Century,centurycollege,350,944.0,736.0,227.0,243.0,50.0,5.0,15.0,203.0,78.0,16.0,146.0,128.0,348.0,40.0,5.0,17.0,70.0,0.0,11.0,15.0,0.733,0.33,0.454,0.568,1.022,90.0,0.374,0.512,0.016,0.136,0.155,-0.019,1.141
2023,div3,Columbia-Greene,columbiagreenecommunitycollege,72,227.0,178.0,54.0,56.0,11.0,5.0,1.0,31.0,8.0,1.0,31.0,37.0,80.0,12.0,1.0,5.0,17.0,1.0,20.0,51.0,0.392,0.315,0.436,0.545,0.981,86.0,0.379,0.541,0.004,0.163,0.137,0.026,0.838
2023,div3,Corning,corningcommunitycollege,87,291.0,257.0,62.0,79.0,9.0,9.0,6.0,79.0,9.0,0.0,25.0,45.0,124.0,8.0,1.0,0.0,24.0,0.0,24.0,12.0,2.0,0.307,0.385,0.576,0.961,85.0,0.354,0.528,0.021,0.155,0.086,0.069,0.556
2023,div3,Dallas College - Brookhaven,dallascollegebrookhaven,221,635.0,503.0,176.0,184.0,54.0,10.0,17.0,149.0,51.0,20.0,88.0,100.0,309.0,28.0,4.0,12.0,81.0,8.0,0.0,0.0,,0.366,0.472,0.775,1.247,110.0,0.42,0.562,0.027,0.157,0.139,0.018,0.88
2023,div3,Dallas College - Cedar Valley,dallascollegecedarvalley,448,1501.0,1183.0,466.0,504.0,106.0,25.0,30.0,405.0,129.0,14.0,233.0,175.0,750.0,35.0,18.0,32.0,161.0,19.0,171.0,237.0,0.722,0.426,0.514,0.77,1.284,113.0,0.469,0.588,0.02,0.117,0.155,-0.038,1.331
2023,div3,Dallas College - Eastfield,dallascollegeeastfield,564,1662.0,1289.0,457.0,454.0,104.0,13.0,64.0,393.0,137.0,27.0,281.0,232.0,776.0,53.0,13.0,26.0,181.0,0.0,0.0,0.0,,0.352,0.474,0.742,1.216,107.0,0.383,0.543,0.039,0.14,0.169,-0.029,1.211
2023,div3,Dallas College - Mountain View,dallascollegemountainview,233,662.0,542.0,145.0,171.0,25.0,5.0,11.0,107.0,46.0,11.0,95.0,130.0,238.0,25.0,0.0,0.0,41.0,0.0,0.0,0.0,,0.315,0.44,0.517,0.957,84.0,0.399,0.479,0.017,0.196,0.144,0.052,0.731
2023,div3,Dallas College - Richland,dallascollegerichland,476,1406.0,1161.0,360.0,430.0,104.0,13.0,40.0,315.0,117.0,16.0,158.0,187.0,680.0,64.0,6.0,17.0,157.0,0.0,0.0,0.0,,0.37,0.464,0.721,1.185,104.0,0.41,0.523,0.028,0.133,0.112,0.021,0.845
2023,div3,Delta,deltacollege,110,279.0,230.0,72.0,73.0,14.0,4.0,3.0,60.0,20.0,2.0,36.0,43.0,104.0,10.0,1.0,2.0,21.0,0.0,0.0,0.0,,0.317,0.427,0.543,0.97,85.0,0.376,0.595,0.011,0.154,0.129,0.025,0.837
2023,div3,DuPage,collegeofdupage,407,1213.0,977.0,352.0,371.0,85.0,15.0,37.0,309.0,109.0,9.0,156.0,109.0,597.0,57.0,6.0,17.0,137.0,0.0,4.0,5.0,0.8,0.38,0.481,0.751,1.232,108.0,0.394,0.576,0.031,0.09,0.129,-0.039,1.431
2023,div3,Erie,eriecommunitycollege,391,1019.0,791.0,266.0,255.0,52.0,13.0,7.0,210.0,48.0,12.0,153.0,130.0,354.0,58.0,4.0,13.0,72.0,11.0,58.0,75.0,0.773,0.322,0.457,0.539,0.996,88.0,0.372,0.564,0.007,0.128,0.15,-0.022,1.177
2023,div3,Finger Lakes,fingerlakescommunitycollege,537,1460.0,1111.0,408.0,407.0,92.0,16.0,12.0,332.0,155.0,20.0,251.0,183.0,567.0,66.0,10.0,22.0,120.0,21.0,213.0,233.0,0.914,0.366,0.496,0.618,1.114,98.0,0.421,0.556,0.008,0.125,0.172,-0.047,1.372
2023,div3,Genesee,geneseecommunitycollege,349,1015.0,843.0,304.0,329.0,67.0,24.0,11.0,256.0,120.0,5.0,113.0,115.0,477.0,39.0,3.0,17.0,102.0,2.0,22.0,15.0,1.467,0.39,0.474,0.687,1.161,102.0,0.433,0.623,0.011,0.113,0.111,0.002,0.983
2023,div3,Harper,harpercollege,134,434.0,339.0,122.0,129.0,26.0,16.0,7.0,107.0,40.0,7.0,74.0,72.0,208.0,17.0,0.0,4.0,49.0,6.0,34.0,49.0,0.694,0.381,0.507,0.758,1.265,111.0,0.462,0.54,0.016,0.166,0.171,-0.005,1.028
2023,div3,Herkimer,herkimercollege,409,1027.0,786.0,296.0,287.0,65.0,8.0,39.0,256.0,133.0,16.0,171.0,155.0,485.0,52.0,3.0,15.0,112.0,1.0,15.0,15.0,1.0,0.365,0.497,0.76,1.257,111.0,0.409,0.546,0.038,0.151,0.167,-0.016,1.103
2023,div3,Holyoke,holyokecommunitycollege,28,108.0,87.0,33.0,29.0,9.0,0.0,0.0,4.0,0.0,0.0,13.0,5.0,38.0,7.0,0.0,1.0,9.0,0.0,0.0,0.0,,0.333,0.454,0.54,0.994,88.0,0.349,0.673,0.0,0.046,0.12,-0.074,2.6
2023,div3,Hudson Valley,hudsonvalleycommunitycollege,299,818.0,657.0,255.0,284.0,54.0,16.0,10.0,208.0,135.0,14.0,104.0,92.0,400.0,35.0,7.0,15.0,80.0,2.0,13.0,8.0,1.625,0.432,0.517,0.731,1.248,110.0,0.481,0.593,0.012,0.112,0.127,-0.015,1.13
2023,div3,Jamestown,jamestowncommunitycollege,126,397.0,330.0,123.0,136.0,38.0,4.0,3.0,105.0,56.0,4.0,41.0,57.0,191.0,21.0,1.0,4.0,45.0,1.0,10.0,8.0,1.25,0.412,0.499,0.715,1.214,107.0,0.485,0.615,0.008,0.144,0.103,0.041,0.719
2023,div3,Jefferson (NY),jeffersoncommunitycollege,169,529.0,436.0,137.0,160.0,23.0,4.0,4.0,114.0,34.0,4.0,61.0,60.0,203.0,20.0,8.0,4.0,31.0,2.0,0.0,0.0,,0.367,0.456,0.537,0.993,87.0,0.415,0.561,0.008,0.113,0.115,-0.002,1.017
2023,div3,Joliet,jolietjuniorcollege,479,1356.0,1105.0,335.0,413.0,81.0,24.0,19.0,289.0,78.0,11.0,180.0,257.0,599.0,48.0,10.0,13.0,124.0,9.0,307.0,257.0,1.195,0.374,0.473,0.654,1.127,99.0,0.468,0.508,0.014,0.19,0.133,0.057,0.7
2023,div3,Kingsborough,kingsboroughcommunitycollege,334,978.0,749.0,338.0,288.0,61.0,17.0,19.0,280.0,151.0,7.0,163.0,116.0,437.0,42.0,9.0,15.0,97.0,1.0,20.0,22.0,0.909,0.385,0.504,0.717,1.221,107.0,0.428,0.673,0.019,0.119,0.167,-0.048,1.405
2023,div3,Lorain County,loraincountycommunitycollege,72,210.0,168.0,60.0,69.0,10.0,2.0,2.0,55.0,28.0,1.0,31.0,24.0,89.0,4.0,3.0,4.0,14.0,0.0,12.0,14.0,0.857,0.411,0.495,0.613,1.108,98.0,0.459,0.569,0.01,0.114,0.148,-0.034,1.292
2023,div3,Massasoit,massasoitcommunitycollege,252,765.0,579.0,279.0,244.0,48.0,19.0,3.0,206.0,90.0,12.0,131.0,77.0,339.0,33.0,5.0,17.0,70.0,9.0,0.0,0.0,,0.421,0.533,0.706,1.239,109.0,0.467,0.681,0.004,0.101,0.171,-0.07,1.701
2023,div3,Middlesex College,middlesexcollege,460,1350.0,1114.0,377.0,433.0,80.0,15.0,16.0,300.0,145.0,15.0,164.0,153.0,591.0,36.0,13.0,23.0,111.0,0.0,3.0,13.0,0.231,0.389,0.469,0.63,1.099,97.0,0.431,0.585,0.012,0.113,0.121,-0.008,1.072
2023,div3,Milwaukee Area Tech,milwaukeeareatechnicalcollege,373,1146.0,908.0,305.0,330.0,63.0,26.0,19.0,262.0,125.0,13.0,172.0,162.0,502.0,47.0,9.0,10.0,108.0,9.0,0.0,0.0,,0.363,0.479,0.672,1.151,101.0,0.422,0.54,0.017,0.141,0.15,-0.009,1.062
2023,div3,Minnesota State,minnesotastatecommunityandtechnical,101,345.0,258.0,93.0,84.0,15.0,2.0,10.0,74.0,13.0,3.0,63.0,50.0,133.0,13.0,4.0,7.0,27.0,0.0,0.0,0.0,,0.326,0.464,0.62,1.084,95.0,0.361,0.553,0.029,0.145,0.183,-0.038,1.26
2023,div3,Minnesota West,minnesotawestcommunitytechnicalcol,61,179.0,148.0,56.0,61.0,15.0,3.0,4.0,54.0,17.0,1.0,21.0,41.0,94.0,7.0,2.0,1.0,22.0,0.0,0.0,0.0,,0.412,0.497,0.784,1.281,113.0,0.548,0.612,0.022,0.229,0.117,0.112,0.512
2023,div3,Mohawk Valley,mohawkvalleycommunitycollege,224,658.0,483.0,159.0,152.0,31.0,2.0,1.0,110.0,70.0,4.0,123.0,102.0,188.0,33.0,6.0,13.0,34.0,4.0,73.0,110.0,0.664,0.315,0.468,0.464,0.932,82.0,0.384,0.515,0.002,0.155,0.187,-0.032,1.206
2023,div3,Monroe College - Bronx,monroecollegebronx,418,1203.0,968.0,328.0,375.0,74.0,12.0,24.0,294.0,126.0,18.0,160.0,171.0,545.0,51.0,7.0,17.0,110.0,9.0,132.0,174.0,0.759,0.387,0.487,0.677,1.164,102.0,0.444,0.541,0.02,0.142,0.133,0.009,0.936
2023,div3,Montgomery County,montgomerycountycommunitycollegepa,154,447.0,356.0,115.0,124.0,25.0,0.0,6.0,87.0,48.0,5.0,66.0,79.0,165.0,11.0,9.0,5.0,31.0,0.0,0.0,0.0,,0.348,0.45,0.556,1.006,89.0,0.428,0.559,0.013,0.177,0.148,0.029,0.835
2023,div3,Nassau,nassaucommunitycollege,214,712.0,569.0,232.0,216.0,35.0,8.0,17.0,198.0,46.0,11.0,92.0,78.0,318.0,28.0,10.0,13.0,60.0,3.0,27.0,51.0,0.529,0.38,0.472,0.664,1.136,100.0,0.409,0.674,0.024,0.11,0.129,-0.019,1.179
2023,div3,Niagara County,niagaracountycommunitycollege,449,1185.0,975.0,308.0,378.0,78.0,16.0,18.0,256.0,141.0,24.0,141.0,117.0,542.0,39.0,24.0,6.0,112.0,10.0,29.0,45.0,0.644,0.388,0.471,0.671,1.142,101.0,0.426,0.537,0.015,0.099,0.119,-0.02,1.205
2023,div3,North Arkansas,northarkansascollege,505,1296.0,966.0,332.0,335.0,67.0,12.0,28.0,288.0,80.0,12.0,207.0,175.0,507.0,80.0,21.0,22.0,107.0,0.0,0.0,0.0,,0.347,0.48,0.639,1.119,99.0,0.391,0.512,0.022,0.135,0.16,-0.025,1.183
2023,div3,North Dakota SCS,northdakotastatecollegeofscience,67,235.0,205.0,47.0,67.0,15.0,2.0,1.0,30.0,7.0,1.0,21.0,49.0,89.0,4.0,5.0,0.0,18.0,1.0,0.0,0.0,,0.327,0.391,0.522,0.913,80.0,0.426,0.505,0.004,0.209,0.089,0.12,0.429
2023,div3,Northampton,northamptoncommunitycollege,423,1172.0,957.0,294.0,358.0,80.0,13.0,14.0,251.0,100.0,9.0,156.0,179.0,506.0,36.0,4.0,19.0,107.0,0.0,11.0,22.0,0.5,0.374,0.469,0.641,1.11,98.0,0.439,0.522,0.012,0.153,0.133,0.02,0.872
2023,div3,Northern Essex,northernessexcommunitycollege,333,908.0,726.0,283.0,289.0,68.0,19.0,31.0,248.0,115.0,7.0,120.0,154.0,488.0,54.0,0.0,8.0,118.0,0.0,5.0,1.0,5.0,0.398,0.51,0.835,1.345,118.0,0.47,0.583,0.034,0.17,0.132,0.038,0.779
2023,div3,Northland,northlandcommunitytechnicalcollege,102,302.0,241.0,96.0,102.0,24.0,2.0,2.0,81.0,20.0,5.0,40.0,53.0,136.0,15.0,2.0,4.0,28.0,0.0,15.0,19.0,0.789,0.423,0.52,0.68,1.2,106.0,0.526,0.606,0.007,0.175,0.132,0.043,0.755
2023,div3,Oakton,oaktoncommunitycollege,363,968.0,758.0,256.0,258.0,46.0,12.0,20.0,200.0,68.0,13.0,141.0,184.0,388.0,46.0,11.0,12.0,78.0,5.0,140.0,154.0,0.909,0.34,0.46,0.615,1.075,95.0,0.42,0.555,0.021,0.19,0.146,0.044,0.766
2023,div3,Ocean County,oceancountycollege,174,542.0,455.0,139.0,157.0,27.0,8.0,6.0,108.0,38.0,3.0,61.0,81.0,218.0,12.0,3.0,11.0,41.0,6.0,45.0,87.0,0.517,0.345,0.424,0.569,0.993,87.0,0.398,0.594,0.011,0.149,0.113,0.036,0.753
2023,div3,Onondaga,onondagacommunitycollege,242,613.0,511.0,184.0,211.0,31.0,18.0,7.0,147.0,83.0,8.0,63.0,47.0,299.0,19.0,4.0,16.0,56.0,3.0,96.0,106.0,0.906,0.413,0.478,0.695,1.173,103.0,0.431,0.619,0.011,0.077,0.103,-0.026,1.34
2023,div3,Owens,owenscommunitycollege,546,1618.0,1223.0,552.0,464.0,91.0,34.0,17.0,442.0,99.0,10.0,294.0,192.0,674.0,56.0,12.0,33.0,142.0,2.0,9.0,17.0,0.529,0.379,0.503,0.667,1.17,103.0,0.427,0.671,0.011,0.119,0.182,-0.063,1.531
2023,div3,Prince George's,princegeorgescommunitycollege,97,342.0,274.0,86.0,103.0,13.0,3.0,8.0,75.0,11.0,3.0,43.0,50.0,146.0,18.0,4.0,3.0,24.0,3.0,29.0,40.0,0.725,0.376,0.48,0.62,1.1,97.0,0.434,0.5,0.023,0.146,0.126,0.02,0.86
2023,div3,Queensborough,queensboroughcommunitycollege,46,180.0,139.0,43.0,44.0,7.0,2.0,4.0,36.0,24.0,3.0,32.0,32.0,67.0,9.0,0.0,0.0,13.0,0.0,0.0,0.0,,0.317,0.472,0.576,1.048,92.0,0.388,0.481,0.022,0.178,0.178,0.0,1.0
2023,div3,Quincy College,quincycollege,110,381.0,323.0,105.0,131.0,21.0,6.0,2.0,92.0,15.0,0.0,38.0,37.0,170.0,11.0,2.0,7.0,29.0,3.0,28.0,85.0,0.329,0.406,0.472,0.616,1.088,96.0,0.443,0.579,0.005,0.097,0.1,-0.003,1.027
2023,div3,Quinsigamond,quinsigamondcommunitycollege,117,441.0,351.0,137.0,131.0,27.0,5.0,3.0,111.0,25.0,7.0,62.0,65.0,177.0,21.0,1.0,6.0,35.0,0.0,0.0,0.0,,0.373,0.485,0.604,1.089,96.0,0.443,0.635,0.007,0.147,0.141,0.006,0.954
2023,div3,RCSJ Cumberland,rowancollegeofsouthjerseycumberland,233,731.0,605.0,186.0,236.0,47.0,2.0,22.0,171.0,25.0,3.0,93.0,93.0,353.0,17.0,12.0,4.0,71.0,1.0,0.0,0.0,,0.39,0.473,0.701,1.174,103.0,0.433,0.506,0.03,0.127,0.127,0.0,1.0
2023,div3,RCSJ Gloucester,rowancollegesouthjerseygloucester,595,1853.0,1496.0,625.0,629.0,122.0,20.0,71.0,560.0,72.0,9.0,233.0,231.0,1004.0,68.0,16.0,40.0,213.0,1.0,41.0,48.0,0.854,0.42,0.502,0.814,1.316,116.0,0.452,0.645,0.038,0.125,0.126,-0.001,1.009
2023,div3,Rhode Island,communitycollegeofrhodeisland,240,816.0,660.0,256.0,270.0,58.0,15.0,9.0,226.0,26.0,4.0,116.0,85.0,385.0,22.0,2.0,16.0,82.0,0.0,0.0,0.0,,0.409,0.5,0.708,1.208,106.0,0.448,0.619,0.011,0.104,0.142,-0.038,1.365
2023,div3,Ridgewater,ridgewatercollege,127,375.0,295.0,84.0,84.0,19.0,3.0,4.0,69.0,17.0,1.0,65.0,54.0,121.0,4.0,6.0,5.0,26.0,0.0,9.0,10.0,0.9,0.285,0.408,0.498,0.906,80.0,0.331,0.537,0.011,0.144,0.173,-0.029,1.204
2023,div3,Riverland,riverlandcommunitycollege,473,1347.0,1116.0,349.0,426.0,88.0,14.0,12.0,301.0,46.0,11.0,158.0,195.0,578.0,48.0,6.0,19.0,114.0,0.0,44.0,37.0,1.189,0.382,0.469,0.62,1.089,96.0,0.446,0.544,0.009,0.145,0.117,0.028,0.81
2023,div3,Rochester,rochestercommunityandtechnicalcolleg,228,611.0,474.0,158.0,160.0,35.0,5.0,11.0,145.0,28.0,7.0,113.0,99.0,238.0,13.0,3.0,8.0,51.0,3.0,69.0,100.0,0.69,0.338,0.468,0.61,1.078,95.0,0.401,0.535,0.018,0.162,0.185,-0.023,1.141
2023,div3,Rockingham,rockinghamcommunitycollege,152,466.0,382.0,105.0,125.0,32.0,3.0,4.0,93.0,27.0,11.0,61.0,69.0,175.0,13.0,2.0,8.0,39.0,2.0,0.0,0.0,,0.327,0.427,0.56,0.987,87.0,0.382,0.518,0.009,0.148,0.131,0.017,0.884
2023,div3,Roxbury,roxburycommunitycollege,27,136.0,101.0,51.0,35.0,3.0,0.0,0.0,19.0,17.0,0.0,34.0,28.0,38.0,1.0,0.0,0.0,3.0,0.0,0.0,0.0,,0.347,0.515,0.406,0.921,81.0,0.479,0.729,0.0,0.206,0.25,-0.044,1.214
2023,div3,SUNY Adirondack,sunyadirondack,297,752.0,604.0,189.0,211.0,42.0,8.0,10.0,162.0,57.0,6.0,104.0,92.0,299.0,22.0,8.0,14.0,60.0,0.0,0.0,0.0,,0.349,0.448,0.594,1.042,92.0,0.39,0.547,0.013,0.122,0.138,-0.016,1.13
2023,div3,SUNY Broome,sunybroomecommunitycollege,43,155.0,128.0,39.0,44.0,6.0,0.0,2.0,27.0,14.0,1.0,21.0,22.0,56.0,4.0,1.0,1.0,8.0,0.0,27.0,26.0,1.038,0.344,0.445,0.5,0.945,83.0,0.4,0.552,0.013,0.142,0.135,0.007,0.955
2023,div3,Salem,salemcommunitycollege,180,534.0,439.0,127.0,153.0,17.0,7.0,12.0,97.0,36.0,3.0,61.0,91.0,220.0,20.0,6.0,8.0,36.0,0.0,0.0,0.0,,0.349,0.438,0.583,1.021,90.0,0.41,0.518,0.022,0.17,0.114,0.056,0.67
2023,div3,St. Cloud Tech,stcloudtechnicalcommunitycollege,276,782.0,669.0,149.0,206.0,27.0,12.0,13.0,147.0,45.0,9.0,82.0,140.0,296.0,26.0,5.0,0.0,52.0,0.0,34.0,23.0,1.478,0.308,0.402,0.52,0.922,81.0,0.374,0.452,0.017,0.179,0.105,0.074,0.586
2023,div3,Suffolk County,suffolkcc,207,727.0,568.0,208.0,221.0,43.0,19.0,10.0,191.0,81.0,0.0,130.0,89.0,332.0,10.0,13.0,6.0,72.0,2.0,30.0,42.0,0.714,0.389,0.497,0.711,1.208,106.0,0.444,0.564,0.014,0.122,0.179,-0.057,1.461
2023,div3,Surry,surrycommunitycollege,273,784.0,645.0,185.0,223.0,52.0,3.0,18.0,158.0,44.0,6.0,104.0,138.0,335.0,24.0,4.0,7.0,73.0,6.0,0.0,0.0,,0.346,0.448,0.633,1.081,95.0,0.413,0.502,0.023,0.176,0.133,0.043,0.754
2023,div3,Terra State,terrastate,135,379.0,307.0,101.0,106.0,24.0,2.0,7.0,78.0,33.0,2.0,52.0,64.0,155.0,11.0,4.0,5.0,33.0,2.0,23.0,18.0,1.278,0.345,0.446,0.612,1.058,93.0,0.411,0.58,0.018,0.169,0.137,0.032,0.812
2023,div3,Tompkins Cortland,tompkinscortlandcommunitycollege,56,141.0,124.0,39.0,42.0,6.0,4.0,4.0,32.0,10.0,3.0,8.0,22.0,68.0,6.0,3.0,0.0,14.0,0.0,0.0,0.0,,0.339,0.397,0.661,1.058,93.0,0.388,0.673,0.028,0.156,0.057,0.099,0.364
2023,div3,Virginia Peninsula Community College,virginiapeninsulacommunitycollege,191,500.0,382.0,127.0,128.0,31.0,2.0,8.0,104.0,58.0,6.0,84.0,84.0,187.0,22.0,9.0,3.0,41.0,2.0,0.0,0.0,,0.335,0.468,0.597,1.065,94.0,0.41,0.527,0.016,0.168,0.168,0.0,1.0
2023,div3,Waubonsee,waubonseecommunitycollege,385,971.0,782.0,249.0,279.0,54.0,8.0,20.0,218.0,78.0,16.0,138.0,169.0,409.0,31.0,11.0,9.0,82.0,6.0,0.0,0.0,,0.357,0.461,0.628,1.089,96.0,0.43,0.535,0.021,0.174,0.142,0.032,0.817
2023,div3,Western Tech,westerntechnicalcollege,101,299.0,233.0,114.0,107.0,24.0,2.0,7.0,96.0,16.0,3.0,46.0,40.0,156.0,13.0,3.0,4.0,33.0,2.0,5.0,1.0,5.0,0.459,0.555,0.811,1.366,120.0,0.526,0.673,0.023,0.134,0.154,-0.02,1.15
2023,div3,Westmoreland,westmorelandcountycc,198,828.0,702.0,90.0,216.0,54.0,0.0,0.0,144.0,18.0,18.0,54.0,126.0,270.0,18.0,36.0,18.0,54.0,0.0,0.0,0.0,,0.308,0.348,0.462,0.81,71.0,0.364,0.312,0.0,0.152,0.065,0.087,0.429
